plan_id,mine_id,week_start,planned_output_ton,actual_output_ton,target_variance_pct,status,updated_by
PLAN0001-1,MINE_1,2019-01-01,65131,47661.0,-26.82,Below Target,MPLNR02
PLAN0002-1,MINE_1,2019-01-08,76973,51518.0,-33.07,Below Target,MPLNR02
PLAN0003-1,MINE_1,2019-01-15,76973,50831.0,-33.96,Below Target,MPLNR02
PLAN0004-1,MINE_1,2019-01-22,76973,70184.0,-8.82,Below Target,MPLNR01
PLAN0005-1,MINE_1,2019-02-01,75986,51594.0,-32.1,Below Target,MPLNR01
PLAN0006-1,MINE_1,2019-02-08,89801,78396.0,-12.7,Below Target,MPLNR03
PLAN0007-1,MINE_1,2019-02-15,89801,72926.0,-18.79,Below Target,MPLNR01
PLAN0008-1,MINE_1,2019-02-22,89801,78396.0,-12.7,Below Target,MPLNR01
PLAN0009-1,MINE_1,2019-03-01,86841,63177.0,-27.25,Below Target,MPLNR01
PLAN0010-1,MINE_1,2019-03-08,102630,74663.0,-27.25,Below Target,MPLNR02
PLAN0011-1,MINE_1,2019-03-15,102630,91587.0,-10.76,Below Target,MPLNR02
PLAN0012-1,MINE_1,2019-03-22,102630,66002.0,-35.69,Below Target,MPLNR03
PLAN0013-1,MINE_1,2019-04-01,86841,56573.0,-34.85,Below Target,MPLNR01
PLAN0014-1,MINE_1,2019-04-08,102630,98556.0,-3.97,On Track,MPLNR01
PLAN0015-1,MINE_1,2019-04-15,102630,79641.0,-22.4,Below Target,MPLNR03
PLAN0016-1,MINE_1,2019-04-22,102630,98556.0,-3.97,On Track,MPLNR01
PLAN0017-1,MINE_1,2019-05-01,97696,95752.0,-1.99,On Track,MPLNR01
PLAN0018-1,MINE_1,2019-05-08,115459,110875.0,-3.97,On Track,MPLNR02
PLAN0019-1,MINE_1,2019-05-15,115459,104156.0,-9.79,Below Target,MPLNR03
PLAN0020-1,MINE_1,2019-05-22,115459,103036.0,-10.76,Below Target,MPLNR03
PLAN0021-1,MINE_1,2019-06-01,108551,75559.0,-30.39,Below Target,MPLNR03
PLAN0022-1,MINE_1,2019-06-08,128288,105325.0,-17.9,Below Target,MPLNR03
PLAN0023-1,MINE_1,2019-06-15,128288,89596.0,-30.16,Below Target,MPLNR02
PLAN0024-1,MINE_1,2019-06-22,128288,111765.0,-12.88,Below Target,MPLNR02
PLAN0025-1,MINE_1,2019-07-01,119406,83741.0,-29.87,Below Target,MPLNR01
PLAN0026-1,MINE_1,2019-07-08,141117,72054.0,-48.94,Below Target,MPLNR01
PLAN0027-1,MINE_1,2019-07-15,141117,60264.0,-57.29,Below Target,MPLNR01
PLAN0028-1,MINE_1,2019-07-22,141117,117118.0,-17.01,Below Target,MPLNR01
PLAN0029-1,MINE_1,2019-08-01,119406,67166.0,-43.75,Below Target,MPLNR02
PLAN0030-1,MINE_1,2019-08-08,141117,75145.0,-46.75,Below Target,MPLNR03
PLAN0031-1,MINE_1,2019-08-15,141117,114391.0,-18.94,Below Target,MPLNR02
PLAN0032-1,MINE_1,2019-08-22,141117,132777.0,-5.91,Below Target,MPLNR01
PLAN0033-1,MINE_1,2019-09-01,108551,59920.0,-44.8,Below Target,MPLNR02
PLAN0034-1,MINE_1,2019-09-08,128288,54785.0,-57.29,Below Target,MPLNR03
PLAN0035-1,MINE_1,2019-09-15,128288,74356.0,-42.04,Below Target,MPLNR03
PLAN0036-1,MINE_1,2019-09-22,128288,95254.0,-25.75,Below Target,MPLNR02
PLAN0037-1,MINE_1,2019-10-01,108551,88153.0,-18.79,Below Target,MPLNR02
PLAN0038-1,MINE_1,2019-10-08,128288,107018.0,-16.58,Below Target,MPLNR02
PLAN0039-1,MINE_1,2019-10-15,128288,113339.0,-11.65,Below Target,MPLNR01
PLAN0040-1,MINE_1,2019-10-22,128288,90268.0,-29.64,Below Target,MPLNR02
PLAN0041-1,MINE_1,2019-11-01,65131,47383.0,-27.25,Below Target,MPLNR02
PLAN0042-1,MINE_1,2019-11-08,76973,52306.0,-32.05,Below Target,MPLNR02
PLAN0043-1,MINE_1,2019-11-15,76973,57655.0,-25.1,Below Target,MPLNR03
PLAN0044-1,MINE_1,2019-11-22,76973,70184.0,-8.82,Below Target,MPLNR03
PLAN0045-1,MINE_1,2019-12-01,43420,29903.0,-31.13,Below Target,MPLNR01
PLAN0046-1,MINE_1,2019-12-08,51315,41811.0,-18.52,Below Target,MPLNR01
PLAN0047-1,MINE_1,2019-12-15,51315,39820.0,-22.4,Below Target,MPLNR03
PLAN0048-1,MINE_1,2019-12-22,51315,38327.0,-25.31,Below Target,MPLNR03
PLAN0001-2,MINE_2,2020-01-01,69589,58051.0,-16.58,Below Target,MPLNR02
PLAN0049-1,MINE_1,2020-01-01,78175,66275.0,-15.22,Below Target,MPLNR03
PLAN0050-1,MINE_1,2020-01-08,92388,78862.0,-14.64,Below Target,MPLNR02
PLAN0002-2,MINE_2,2020-01-08,82241,78976.0,-3.97,On Track,MPLNR03
PLAN0051-1,MINE_1,2020-01-15,92388,73485.0,-20.46,Below Target,MPLNR02
PLAN0003-2,MINE_2,2020-01-15,82241,71796.0,-12.7,Below Target,MPLNR03
PLAN0052-1,MINE_1,2020-01-22,92388,68159.0,-26.23,Below Target,MPLNR03
PLAN0004-2,MINE_2,2020-01-22,82241,77348.0,-5.95,Below Target,MPLNR02
PLAN0053-1,MINE_1,2020-02-01,91204,65466.0,-28.22,Below Target,MPLNR02
PLAN0005-2,MINE_2,2020-02-01,81187,77176.0,-4.94,On Track,MPLNR02
PLAN0006-2,MINE_2,2020-02-08,95948,86555.0,-9.79,Below Target,MPLNR02
PLAN0054-1,MINE_1,2020-02-08,107787,72142.0,-33.07,Below Target,MPLNR02
PLAN0007-2,MINE_2,2020-02-15,95948,76205.0,-20.58,Below Target,MPLNR02
PLAN0055-1,MINE_1,2020-02-15,107787,99326.0,-7.85,Below Target,MPLNR01
PLAN0008-2,MINE_2,2020-02-22,95948,70292.0,-26.74,Below Target,MPLNR02
PLAN0056-1,MINE_1,2020-02-22,107787,92201.0,-14.46,Below Target,MPLNR03
PLAN0009-2,MINE_2,2020-03-01,92785,65701.0,-29.19,Below Target,MPLNR01
PLAN0057-1,MINE_1,2020-03-01,104233,67903.0,-34.85,Below Target,MPLNR03
PLAN0010-2,MINE_2,2020-03-08,109655,103174.0,-5.91,Below Target,MPLNR03
PLAN0058-1,MINE_1,2020-03-08,123185,96739.0,-21.47,Below Target,MPLNR02
PLAN0011-2,MINE_2,2020-03-15,109655,87932.0,-19.81,Below Target,MPLNR01
PLAN0059-1,MINE_1,2020-03-15,123185,82950.0,-32.66,Below Target,MPLNR03
PLAN0012-2,MINE_2,2020-03-22,109655,96878.0,-11.65,Below Target,MPLNR02
PLAN0060-1,MINE_1,2020-03-22,123185,76951.0,-37.53,Below Target,MPLNR01
PLAN0013-2,MINE_2,2020-04-01,92785,75213.0,-18.94,Below Target,MPLNR02
PLAN0061-1,MINE_1,2020-04-01,104233,82786.0,-20.58,Below Target,MPLNR01
PLAN0014-2,MINE_2,2020-04-08,109655,105302.0,-3.97,On Track,MPLNR02
PLAN0062-1,MINE_1,2020-04-08,123185,102761.0,-16.58,Below Target,MPLNR01
PLAN0015-2,MINE_2,2020-04-15,109655,98920.0,-9.79,Below Target,MPLNR01
PLAN0063-1,MINE_1,2020-04-15,123185,96786.0,-21.43,Below Target,MPLNR03
PLAN0064-1,MINE_1,2020-04-22,123185,92341.0,-25.04,Below Target,MPLNR03
PLAN0016-2,MINE_2,2020-04-22,109655,92538.0,-15.61,Below Target,MPLNR01
PLAN0017-2,MINE_2,2020-05-01,104383,67920.0,-34.93,Below Target,MPLNR02
PLAN0065-1,MINE_1,2020-05-01,117262,73251.0,-37.53,Below Target,MPLNR03
PLAN0018-2,MINE_2,2020-05-08,123362,96878.0,-21.47,Below Target,MPLNR01
PLAN0066-1,MINE_1,2020-05-08,138583,99609.0,-28.12,Below Target,MPLNR03
PLAN0067-1,MINE_1,2020-05-15,138583,111573.0,-19.49,Below Target,MPLNR03
PLAN0019-2,MINE_2,2020-05-15,123362,85869.0,-30.39,Below Target,MPLNR01
PLAN0068-1,MINE_1,2020-05-22,138583,100819.0,-27.25,Below Target,MPLNR01
PLAN0020-2,MINE_2,2020-05-22,123362,87353.0,-29.19,Below Target,MPLNR02
PLAN0069-1,MINE_1,2020-06-01,130292,86042.0,-33.96,Below Target,MPLNR02
PLAN0021-2,MINE_2,2020-06-01,115981,83364.0,-28.12,Below Target,MPLNR01
PLAN0022-2,MINE_2,2020-06-08,137069,119661.0,-12.7,Below Target,MPLNR03
PLAN0070-1,MINE_1,2020-06-08,153981,147868.0,-3.97,On Track,MPLNR01
PLAN0023-2,MINE_2,2020-06-15,137069,94399.0,-31.13,Below Target,MPLNR03
PLAN0071-1,MINE_1,2020-06-15,153981,93202.0,-39.47,Below Target,MPLNR03
PLAN0072-1,MINE_1,2020-06-22,153981,85046.0,-44.77,Below Target,MPLNR01
PLAN0024-2,MINE_2,2020-06-22,137069,97059.0,-29.19,Below Target,MPLNR03
PLAN0025-2,MINE_2,2020-07-01,127579,87864.0,-31.13,Below Target,MPLNR03
PLAN0073-1,MINE_1,2020-07-01,143321,113998.0,-20.46,Below Target,MPLNR03
PLAN0026-2,MINE_2,2020-07-08,150776,95825.0,-36.45,Below Target,MPLNR02
PLAN0074-1,MINE_1,2020-07-08,169379,120923.0,-28.61,Below Target,MPLNR03
PLAN0075-1,MINE_1,2020-07-15,169379,111075.0,-34.42,Below Target,MPLNR01
PLAN0027-2,MINE_2,2020-07-15,150776,97502.0,-35.33,Below Target,MPLNR02
PLAN0028-2,MINE_2,2020-07-22,150776,108966.0,-27.73,Below Target,MPLNR02
PLAN0076-1,MINE_1,2020-07-22,169379,115008.0,-32.1,Below Target,MPLNR03
PLAN0077-1,MINE_1,2020-08-01,143321,81328.0,-43.26,Below Target,MPLNR02
PLAN0029-2,MINE_2,2020-08-01,127579,85389.0,-33.07,Below Target,MPLNR03
PLAN0030-2,MINE_2,2020-08-08,150776,86699.0,-42.5,Below Target,MPLNR03
PLAN0078-1,MINE_1,2020-08-08,169379,131504.0,-22.36,Below Target,MPLNR03
PLAN0031-2,MINE_2,2020-08-15,150776,91979.0,-39.0,Below Target,MPLNR01
PLAN0079-1,MINE_1,2020-08-15,169379,143471.0,-15.3,Below Target,MPLNR02
PLAN0032-2,MINE_2,2020-08-22,150776,120848.0,-19.85,Below Target,MPLNR01
PLAN0080-1,MINE_1,2020-08-22,169379,129795.0,-23.37,Below Target,MPLNR02
PLAN0033-2,MINE_2,2020-09-01,115981,77221.0,-33.42,Below Target,MPLNR03
PLAN0081-1,MINE_1,2020-09-01,130292,72948.0,-44.01,Below Target,MPLNR03
PLAN0082-1,MINE_1,2020-09-08,153981,137413.0,-10.76,Below Target,MPLNR01
PLAN0034-2,MINE_2,2020-09-08,137069,98521.0,-28.12,Below Target,MPLNR03
PLAN0083-1,MINE_1,2020-09-15,153981,91234.0,-40.75,Below Target,MPLNR02
PLAN0035-2,MINE_2,2020-09-15,137069,111312.0,-18.79,Below Target,MPLNR03
PLAN0036-2,MINE_2,2020-09-22,137069,130298.0,-4.94,On Track,MPLNR03
PLAN0084-1,MINE_1,2020-09-22,153981,94367.0,-38.72,Below Target,MPLNR01
PLAN0037-2,MINE_2,2020-10-01,115981,91126.0,-21.43,Below Target,MPLNR01
PLAN0085-1,MINE_1,2020-10-01,130292,89732.0,-31.13,Below Target,MPLNR02
PLAN0086-1,MINE_1,2020-10-08,153981,122476.0,-20.46,Below Target,MPLNR03
PLAN0038-2,MINE_2,2020-10-08,137069,88071.0,-35.75,Below Target,MPLNR03
PLAN0039-2,MINE_2,2020-10-15,137069,109025.0,-20.46,Below Target,MPLNR01
PLAN0087-1,MINE_1,2020-10-15,153981,89707.0,-41.74,Below Target,MPLNR03
PLAN0040-2,MINE_2,2020-10-22,137069,106419.0,-22.36,Below Target,MPLNR03
PLAN0088-1,MINE_1,2020-10-22,153981,82716.0,-46.28,Below Target,MPLNR02
PLAN0041-2,MINE_2,2020-11-01,69589,51976.0,-25.31,Below Target,MPLNR03
PLAN0089-1,MINE_1,2020-11-01,78175,62089.0,-20.58,Below Target,MPLNR03
PLAN0090-1,MINE_1,2020-11-08,92388,58903.0,-36.24,Below Target,MPLNR02
PLAN0042-2,MINE_2,2020-11-08,82241,73277.0,-10.9,Below Target,MPLNR03
PLAN0091-1,MINE_1,2020-11-15,92388,66316.0,-28.22,Below Target,MPLNR03
PLAN0043-2,MINE_2,2020-11-15,82241,67010.0,-18.52,Below Target,MPLNR01
PLAN0092-1,MINE_1,2020-11-22,92388,69901.0,-24.34,Below Target,MPLNR01
PLAN0044-2,MINE_2,2020-11-22,82241,55842.0,-32.1,Below Target,MPLNR01
PLAN0093-1,MINE_1,2020-12-01,52116,43475.0,-16.58,Below Target,MPLNR03
PLAN0045-2,MINE_2,2020-12-01,46392,25272.0,-45.52,Below Target,MPLNR02
PLAN0094-1,MINE_1,2020-12-08,61592,42872.0,-30.39,Below Target,MPLNR01
PLAN0046-2,MINE_2,2020-12-08,54827,46481.0,-15.22,Below Target,MPLNR03
PLAN0047-2,MINE_2,2020-12-15,54827,37674.0,-31.29,Below Target,MPLNR02
PLAN0095-1,MINE_1,2020-12-15,61592,43972.0,-28.61,Below Target,MPLNR03
PLAN0096-1,MINE_1,2020-12-22,61592,46170.0,-25.04,Below Target,MPLNR01
PLAN0048-2,MINE_2,2020-12-22,54827,35717.0,-34.85,Below Target,MPLNR02
PLAN0049-2,MINE_2,2021-01-01,87996,72553.0,-17.55,Below Target,MPLNR01
PLAN0001-3,MINE_3,2021-01-01,107962,90062.0,-16.58,Below Target,MPLNR01
PLAN0097-1,MINE_1,2021-01-01,67647,56142.0,-17.01,Below Target,MPLNR03
PLAN0002-3,MINE_3,2021-01-08,127591,104753.0,-17.9,Below Target,MPLNR02
PLAN0050-2,MINE_2,2021-01-08,103995,91877.0,-11.65,Below Target,MPLNR01
PLAN0098-1,MINE_1,2021-01-08,79947,58161.0,-27.25,Below Target,MPLNR01
PLAN0099-1,MINE_1,2021-01-15,79947,71345.0,-10.76,Below Target,MPLNR02
PLAN0003-3,MINE_3,2021-01-15,127591,94060.0,-26.28,Below Target,MPLNR02
PLAN0051-2,MINE_2,2021-01-15,103995,85381.0,-17.9,Below Target,MPLNR02
PLAN0004-3,MINE_3,2021-01-22,127591,70471.0,-44.77,Below Target,MPLNR01
PLAN0052-2,MINE_2,2021-01-22,103995,73316.0,-29.5,Below Target,MPLNR03
PLAN0100-1,MINE_1,2021-01-22,79947,55835.0,-30.16,Below Target,MPLNR02
PLAN0053-2,MINE_2,2021-02-01,102662,80662.0,-21.43,Below Target,MPLNR01
PLAN0101-1,MINE_1,2021-02-01,78922,69726.0,-11.65,Below Target,MPLNR01
PLAN0005-3,MINE_3,2021-02-01,125955,110154.0,-12.54,Below Target,MPLNR02
PLAN0006-3,MINE_3,2021-02-08,148857,119845.0,-19.49,Below Target,MPLNR02
PLAN0054-2,MINE_2,2021-02-08,121328,89867.0,-25.93,Below Target,MPLNR03
PLAN0102-1,MINE_1,2021-02-08,93272,77808.0,-16.58,Below Target,MPLNR03
PLAN0103-1,MINE_1,2021-02-15,93272,52222.0,-44.01,Below Target,MPLNR01
PLAN0007-3,MINE_3,2021-02-15,148857,81090.0,-45.52,Below Target,MPLNR02
PLAN0055-2,MINE_2,2021-02-15,121328,97681.0,-19.49,Below Target,MPLNR03
PLAN0104-1,MINE_1,2021-02-22,93272,89569.0,-3.97,On Track,MPLNR03
PLAN0008-3,MINE_3,2021-02-22,148857,126088.0,-15.3,Below Target,MPLNR03
PLAN0056-2,MINE_2,2021-02-22,121328,65176.0,-46.28,Below Target,MPLNR02
PLAN0105-1,MINE_1,2021-03-01,90197,84866.0,-5.91,Below Target,MPLNR02
PLAN0057-2,MINE_2,2021-03-01,117328,81669.0,-30.39,Below Target,MPLNR02
PLAN0009-3,MINE_3,2021-03-01,143949,95060.0,-33.96,Below Target,MPLNR01
PLAN0010-3,MINE_3,2021-03-08,170122,140266.0,-17.55,Below Target,MPLNR03
PLAN0106-1,MINE_1,2021-03-08,106596,83752.0,-21.43,Below Target,MPLNR03
PLAN0058-2,MINE_2,2021-03-08,138661,99531.0,-28.22,Below Target,MPLNR02
PLAN0059-2,MINE_2,2021-03-15,138661,91568.0,-33.96,Below Target,MPLNR02
PLAN0011-3,MINE_3,2021-03-15,170122,151919.0,-10.7,Below Target,MPLNR02
PLAN0107-1,MINE_1,2021-03-15,106596,82760.0,-22.36,Below Target,MPLNR02
PLAN0060-2,MINE_2,2021-03-22,138661,92806.0,-33.07,Below Target,MPLNR01
PLAN0108-1,MINE_1,2021-03-22,106596,78955.0,-25.93,Below Target,MPLNR03
PLAN0012-3,MINE_3,2021-03-22,170122,135352.0,-20.44,Below Target,MPLNR03
PLAN0061-2,MINE_2,2021-04-01,117328,93323.0,-20.46,Below Target,MPLNR01
PLAN0013-3,MINE_3,2021-04-01,143949,124271.0,-13.67,Below Target,MPLNR02
PLAN0109-1,MINE_1,2021-04-01,90197,78742.0,-12.7,Below Target,MPLNR03
PLAN0110-1,MINE_1,2021-04-08,106596,96160.0,-9.79,Below Target,MPLNR03
PLAN0014-3,MINE_3,2021-04-08,170122,120463.0,-29.19,Below Target,MPLNR03
PLAN0062-2,MINE_2,2021-04-08,138661,81831.0,-40.99,Below Target,MPLNR02
PLAN0015-3,MINE_3,2021-04-15,170122,141190.0,-17.01,Below Target,MPLNR02
PLAN0063-2,MINE_2,2021-04-15,138661,103862.0,-25.1,Below Target,MPLNR01
PLAN0111-1,MINE_1,2021-04-15,106596,77670.0,-27.14,Below Target,MPLNR01
PLAN0016-3,MINE_3,2021-04-22,170122,163368.0,-3.97,On Track,MPLNR03
PLAN0064-2,MINE_2,2021-04-22,138661,122396.0,-11.73,Below Target,MPLNR02
PLAN0112-1,MINE_1,2021-04-22,106596,80651.0,-24.34,Below Target,MPLNR01
PLAN0113-1,MINE_1,2021-05-01,101471,64292.0,-36.64,Below Target,MPLNR02
PLAN0065-2,MINE_2,2021-05-01,131994,124193.0,-5.91,Below Target,MPLNR03
PLAN0017-3,MINE_3,2021-05-01,161943,134402.0,-17.01,Below Target,MPLNR03
PLAN0018-3,MINE_3,2021-05-08,191387,102810.0,-46.28,Below Target,MPLNR03
PLAN0066-2,MINE_2,2021-05-08,155993,148287.0,-4.94,On Track,MPLNR03
PLAN0114-1,MINE_1,2021-05-08,119921,86684.0,-27.72,Below Target,MPLNR02
PLAN0067-2,MINE_2,2021-05-15,155993,127103.0,-18.52,Below Target,MPLNR03
PLAN0019-3,MINE_3,2021-05-15,191387,143355.0,-25.1,Below Target,MPLNR01
PLAN0115-1,MINE_1,2021-05-15,119921,83753.0,-30.16,Below Target,MPLNR01
PLAN0068-2,MINE_2,2021-05-22,155993,125590.0,-19.49,Below Target,MPLNR02
PLAN0020-3,MINE_3,2021-05-22,191387,161511.0,-15.61,Below Target,MPLNR03
PLAN0116-1,MINE_1,2021-05-22,119921,83753.0,-30.16,Below Target,MPLNR02
PLAN0117-1,MINE_1,2021-06-01,112746,59713.0,-47.04,Below Target,MPLNR01
PLAN0069-2,MINE_2,2021-06-01,146660,103196.0,-29.64,Below Target,MPLNR03
PLAN0021-3,MINE_3,2021-06-01,179937,122274.0,-32.05,Below Target,MPLNR01
PLAN0118-1,MINE_1,2021-06-08,133245,99521.0,-25.31,Below Target,MPLNR03
PLAN0022-3,MINE_3,2021-06-08,212652,200084.0,-5.91,Below Target,MPLNR02
PLAN0070-2,MINE_2,2021-06-08,173326,130410.0,-24.76,Below Target,MPLNR01
PLAN0119-1,MINE_1,2021-06-15,133245,117615.0,-11.73,Below Target,MPLNR02
PLAN0071-2,MINE_2,2021-06-15,173326,158039.0,-8.82,Below Target,MPLNR03
PLAN0023-3,MINE_3,2021-06-15,212652,200084.0,-5.91,Below Target,MPLNR03
PLAN0120-1,MINE_1,2021-06-22,133245,117719.0,-11.65,Below Target,MPLNR02
PLAN0024-3,MINE_3,2021-06-22,212652,166998.0,-21.47,Below Target,MPLNR02
PLAN0072-2,MINE_2,2021-06-22,173326,116713.0,-32.66,Below Target,MPLNR03
PLAN0121-1,MINE_1,2021-07-01,124021,91958.0,-25.85,Below Target,MPLNR01
PLAN0025-3,MINE_3,2021-07-01,197930,168518.0,-14.86,Below Target,MPLNR02
PLAN0073-2,MINE_2,2021-07-01,161326,102217.0,-36.64,Below Target,MPLNR03
PLAN0122-1,MINE_1,2021-07-08,146570,85389.0,-41.74,Below Target,MPLNR02
PLAN0074-2,MINE_2,2021-07-08,190659,140554.0,-26.28,Below Target,MPLNR01
PLAN0026-3,MINE_3,2021-07-08,233918,188327.0,-19.49,Below Target,MPLNR03
PLAN0075-2,MINE_2,2021-07-15,190659,141564.0,-25.75,Below Target,MPLNR02
PLAN0027-3,MINE_3,2021-07-15,233918,187486.0,-19.85,Below Target,MPLNR01
PLAN0123-1,MINE_1,2021-07-15,146570,104639.0,-28.61,Below Target,MPLNR02
PLAN0076-2,MINE_2,2021-07-22,190659,159048.0,-16.58,Below Target,MPLNR01
PLAN0124-1,MINE_1,2021-07-22,146570,85743.0,-41.5,Below Target,MPLNR03
PLAN0028-3,MINE_3,2021-07-22,233918,159649.0,-31.75,Below Target,MPLNR03
PLAN0029-3,MINE_3,2021-08-01,197930,178553.0,-9.79,Below Target,MPLNR02
PLAN0077-2,MINE_2,2021-08-01,161326,138209.0,-14.33,Below Target,MPLNR02
PLAN0125-1,MINE_1,2021-08-01,124021,89022.0,-28.22,Below Target,MPLNR02
PLAN0078-2,MINE_2,2021-08-08,190659,173843.0,-8.82,Below Target,MPLNR02
PLAN0126-1,MINE_1,2021-08-08,146570,108563.0,-25.93,Below Target,MPLNR03
PLAN0030-3,MINE_3,2021-08-08,233918,189895.0,-18.82,Below Target,MPLNR02
PLAN0127-1,MINE_1,2021-08-15,146570,126875.0,-13.44,Below Target,MPLNR01
PLAN0031-3,MINE_3,2021-08-15,233918,169086.0,-27.72,Below Target,MPLNR03
PLAN0079-2,MINE_2,2021-08-15,190659,159935.0,-16.11,Below Target,MPLNR03
PLAN0080-2,MINE_2,2021-08-22,190659,139925.0,-26.61,Below Target,MPLNR02
PLAN0128-1,MINE_1,2021-08-22,146570,140751.0,-3.97,On Track,MPLNR02
PLAN0032-3,MINE_3,2021-08-22,233918,206661.0,-11.65,Below Target,MPLNR01
PLAN0033-3,MINE_3,2021-09-01,179937,165812.0,-7.85,Below Target,MPLNR01
PLAN0129-1,MINE_1,2021-09-01,112746,61419.0,-45.52,Below Target,MPLNR03
PLAN0081-2,MINE_2,2021-09-01,146660,101005.0,-31.13,Below Target,MPLNR01
PLAN0130-1,MINE_1,2021-09-08,133245,116323.0,-12.7,Below Target,MPLNR01
PLAN0034-3,MINE_3,2021-09-08,212652,119617.0,-43.75,Below Target,MPLNR02
PLAN0082-2,MINE_2,2021-09-08,173326,94420.0,-45.52,Below Target,MPLNR01
PLAN0035-3,MINE_3,2021-09-15,212652,189473.0,-10.9,Below Target,MPLNR02
PLAN0083-2,MINE_2,2021-09-15,173326,97042.0,-44.01,Below Target,MPLNR02
PLAN0131-1,MINE_1,2021-09-15,133245,95643.0,-28.22,Below Target,MPLNR02
PLAN0132-1,MINE_1,2021-09-22,133245,95643.0,-28.22,Below Target,MPLNR01
PLAN0036-3,MINE_3,2021-09-22,212652,150579.0,-29.19,Below Target,MPLNR01
PLAN0084-2,MINE_2,2021-09-22,173326,124413.0,-28.22,Below Target,MPLNR03
PLAN0133-1,MINE_1,2021-10-01,112746,96240.0,-14.64,Below Target,MPLNR02
PLAN0037-3,MINE_3,2021-10-01,179937,141307.0,-21.47,Below Target,MPLNR03
PLAN0085-2,MINE_2,2021-10-01,146660,77674.0,-47.04,Below Target,MPLNR03
PLAN0038-3,MINE_3,2021-10-08,212652,175332.0,-17.55,Below Target,MPLNR02
PLAN0134-1,MINE_1,2021-10-08,133245,124078.0,-6.88,Below Target,MPLNR01
PLAN0086-2,MINE_2,2021-10-08,173326,119101.0,-31.29,Below Target,MPLNR01
PLAN0039-3,MINE_3,2021-10-15,212652,169143.0,-20.46,Below Target,MPLNR01
PLAN0087-2,MINE_2,2021-10-15,173326,108412.0,-37.45,Below Target,MPLNR03
PLAN0135-1,MINE_1,2021-10-15,133245,107276.0,-19.49,Below Target,MPLNR01
PLAN0040-3,MINE_3,2021-10-22,212652,138533.0,-34.85,Below Target,MPLNR02
PLAN0088-2,MINE_2,2021-10-22,173326,143849.0,-17.01,Below Target,MPLNR02
PLAN0136-1,MINE_1,2021-10-22,133245,122785.0,-7.85,Below Target,MPLNR03
PLAN0041-3,MINE_3,2021-11-01,107962,92432.0,-14.38,Below Target,MPLNR03
PLAN0089-2,MINE_2,2021-11-01,87996,57325.0,-34.85,Below Target,MPLNR02
PLAN0137-1,MINE_1,2021-11-01,67647,59765.0,-11.65,Below Target,MPLNR01
PLAN0138-1,MINE_1,2021-11-08,79947,52082.0,-34.85,Below Target,MPLNR02
PLAN0090-2,MINE_2,2021-11-08,103995,76100.0,-26.82,Below Target,MPLNR01
PLAN0042-3,MINE_3,2021-11-08,127591,104753.0,-17.9,Below Target,MPLNR01
PLAN0043-3,MINE_3,2021-11-15,127591,106436.0,-16.58,Below Target,MPLNR02
PLAN0091-2,MINE_2,2021-11-15,103995,72388.0,-30.39,Below Target,MPLNR02
PLAN0139-1,MINE_1,2021-11-15,79947,67064.0,-16.11,Below Target,MPLNR02
PLAN0092-2,MINE_2,2021-11-22,103995,77956.0,-25.04,Below Target,MPLNR01
PLAN0044-3,MINE_3,2021-11-22,127591,113862.0,-10.76,Below Target,MPLNR03
PLAN0140-1,MINE_1,2021-11-22,79947,49600.0,-37.96,Below Target,MPLNR03
PLAN0141-1,MINE_1,2021-12-01,45098,34559.0,-23.37,Below Target,MPLNR02
PLAN0093-2,MINE_2,2021-12-01,58664,41881.0,-28.61,Below Target,MPLNR02
PLAN0045-3,MINE_3,2021-12-01,71974,48870.0,-32.1,Below Target,MPLNR02
PLAN0142-1,MINE_1,2021-12-08,53298,48597.0,-8.82,Below Target,MPLNR02
PLAN0094-2,MINE_2,2021-12-08,69330,41440.0,-40.23,Below Target,MPLNR01
PLAN0046-3,MINE_3,2021-12-08,85061,71783.0,-15.61,Below Target,MPLNR03
PLAN0095-2,MINE_2,2021-12-15,69330,48420.0,-30.16,Below Target,MPLNR03
PLAN0047-3,MINE_3,2021-12-15,85061,67559.0,-20.58,Below Target,MPLNR03
PLAN0143-1,MINE_1,2021-12-15,53298,35083.0,-34.18,Below Target,MPLNR02
PLAN0048-3,MINE_3,2021-12-22,85061,65281.0,-23.25,Below Target,MPLNR01
PLAN0144-1,MINE_1,2021-12-22,53298,39808.0,-25.31,Below Target,MPLNR01
PLAN0096-2,MINE_2,2021-12-22,69330,61198.0,-11.73,Below Target,MPLNR02
PLAN0001-4,MINE_4,2022-01-01,67435,55966.0,-17.01,Below Target,MPLNR02
PLAN0049-3,MINE_3,2022-01-01,88702,75991.0,-14.33,Below Target,MPLNR03
PLAN0097-2,MINE_2,2022-01-01,91326,73527.0,-19.49,Below Target,MPLNR02
PLAN0145-1,MINE_1,2022-01-01,112914,65782.0,-41.74,Below Target,MPLNR01
PLAN0050-3,MINE_3,2022-01-08,104830,90744.0,-13.44,Below Target,MPLNR02
PLAN0098-2,MINE_2,2022-01-08,107930,88988.0,-17.55,Below Target,MPLNR01
PLAN0002-4,MINE_4,2022-01-08,79696,71894.0,-9.79,Below Target,MPLNR02
PLAN0146-1,MINE_1,2022-01-08,133444,98375.0,-26.28,Below Target,MPLNR02
PLAN0051-3,MINE_3,2022-01-15,104830,97618.0,-6.88,Below Target,MPLNR03
PLAN0099-2,MINE_2,2022-01-15,107930,82707.0,-23.37,Below Target,MPLNR01
PLAN0147-1,MINE_1,2022-01-15,133444,77742.0,-41.74,Below Target,MPLNR03
PLAN0003-4,MINE_4,2022-01-15,79696,74213.0,-6.88,Below Target,MPLNR01
PLAN0148-1,MINE_1,2022-01-22,133444,107436.0,-19.49,Below Target,MPLNR01
PLAN0100-2,MINE_2,2022-01-22,107930,80027.0,-25.85,Below Target,MPLNR02
PLAN0052-3,MINE_3,2022-01-22,104830,78582.0,-25.04,Below Target,MPLNR03
PLAN0004-4,MINE_4,2022-01-22,79696,55660.0,-30.16,Below Target,MPLNR02
PLAN0149-1,MINE_1,2022-02-01,131733,87709.0,-33.42,Below Target,MPLNR03
PLAN0005-4,MINE_4,2022-02-01,78674,61051.0,-22.4,Below Target,MPLNR03
PLAN0101-2,MINE_2,2022-02-01,106547,81647.0,-23.37,Below Target,MPLNR01
PLAN0053-3,MINE_3,2022-02-01,103486,80305.0,-22.4,Below Target,MPLNR01
PLAN0006-4,MINE_4,2022-02-08,92979,73955.0,-20.46,Below Target,MPLNR03
PLAN0102-2,MINE_2,2022-02-08,125919,91020.0,-27.72,Below Target,MPLNR02
PLAN0054-3,MINE_3,2022-02-08,122302,102594.0,-16.11,Below Target,MPLNR03
PLAN0150-1,MINE_1,2022-02-08,155684,136154.0,-12.54,Below Target,MPLNR02
PLAN0103-2,MINE_2,2022-02-15,125919,120920.0,-3.97,On Track,MPLNR03
PLAN0007-4,MINE_4,2022-02-15,92979,60571.0,-34.85,Below Target,MPLNR02
PLAN0151-1,MINE_1,2022-02-15,155684,88343.0,-43.26,Below Target,MPLNR02
PLAN0055-3,MINE_3,2022-02-15,122302,115074.0,-5.91,Below Target,MPLNR03
PLAN0104-2,MINE_2,2022-02-22,125919,74311.0,-40.99,Below Target,MPLNR01
PLAN0152-1,MINE_1,2022-02-22,155684,105709.0,-32.1,Below Target,MPLNR01
PLAN0008-4,MINE_4,2022-02-22,92979,85680.0,-7.85,Below Target,MPLNR02
PLAN0056-3,MINE_3,2022-02-22,122302,107956.0,-11.73,Below Target,MPLNR02
PLAN0057-3,MINE_3,2022-03-01,118270,94072.0,-20.46,Below Target,MPLNR01
PLAN0105-2,MINE_2,2022-03-01,121768,64491.0,-47.04,Below Target,MPLNR02
PLAN0153-1,MINE_1,2022-03-01,150552,123604.0,-17.9,Below Target,MPLNR02
PLAN0009-4,MINE_4,2022-03-01,89914,83728.0,-6.88,Below Target,MPLNR02
PLAN0154-1,MINE_1,2022-03-08,177925,113079.0,-36.45,Below Target,MPLNR01
PLAN0010-4,MINE_4,2022-03-08,106262,78707.0,-25.93,Below Target,MPLNR02
PLAN0058-3,MINE_3,2022-03-08,139774,74027.0,-47.04,Below Target,MPLNR01
PLAN0106-2,MINE_2,2022-03-08,143907,103296.0,-28.22,Below Target,MPLNR03
PLAN0059-3,MINE_3,2022-03-15,139774,116599.0,-16.58,Below Target,MPLNR01
PLAN0155-1,MINE_1,2022-03-15,177925,111146.0,-37.53,Below Target,MPLNR02
PLAN0011-4,MINE_4,2022-03-15,106262,93797.0,-11.73,Below Target,MPLNR01
PLAN0107-2,MINE_2,2022-03-15,143907,96903.0,-32.66,Below Target,MPLNR03
PLAN0108-2,MINE_2,2022-03-22,143907,107484.0,-25.31,Below Target,MPLNR02
PLAN0012-4,MINE_4,2022-03-22,106262,64318.0,-39.47,Below Target,MPLNR02
PLAN0060-3,MINE_3,2022-03-22,139774,103782.0,-25.75,Below Target,MPLNR03
PLAN0156-1,MINE_1,2022-03-22,177925,149253.0,-16.11,Below Target,MPLNR02
PLAN0109-2,MINE_2,2022-04-01,121768,86933.0,-28.61,Below Target,MPLNR01
PLAN0013-4,MINE_4,2022-04-01,89914,65308.0,-27.37,Below Target,MPLNR01
PLAN0061-3,MINE_3,2022-04-01,118270,83747.0,-29.19,Below Target,MPLNR01
PLAN0157-1,MINE_1,2022-04-01,150552,115543.0,-23.25,Below Target,MPLNR01
PLAN0014-4,MINE_4,2022-04-08,106262,74914.0,-29.5,Below Target,MPLNR03
PLAN0110-2,MINE_2,2022-04-08,143907,113068.0,-21.43,Below Target,MPLNR02
PLAN0062-3,MINE_3,2022-04-08,139774,111014.0,-20.58,Below Target,MPLNR03
PLAN0158-1,MINE_1,2022-04-08,177925,120811.0,-32.1,Below Target,MPLNR01
PLAN0015-4,MINE_4,2022-04-15,106262,83449.0,-21.47,Below Target,MPLNR02
PLAN0063-3,MINE_3,2022-04-15,139774,106024.0,-24.15,Below Target,MPLNR03
PLAN0111-2,MINE_2,2022-04-15,143907,76216.0,-47.04,Below Target,MPLNR03
PLAN0159-1,MINE_1,2022-04-15,177925,133375.0,-25.04,Below Target,MPLNR01
PLAN0064-3,MINE_3,2022-04-22,139774,104777.0,-25.04,Below Target,MPLNR02
PLAN0016-4,MINE_4,2022-04-22,106262,69946.0,-34.18,Below Target,MPLNR01
PLAN0112-2,MINE_2,2022-04-22,143907,131214.0,-8.82,Below Target,MPLNR02
PLAN0160-1,MINE_1,2022-04-22,177925,146078.0,-17.9,Below Target,MPLNR02
PLAN0113-2,MINE_2,2022-05-01,136989,111247.0,-18.79,Below Target,MPLNR01
PLAN0161-1,MINE_1,2022-05-01,169371,90984.0,-46.28,Below Target,MPLNR02
PLAN0017-4,MINE_4,2022-05-01,101153,73589.0,-27.25,Below Target,MPLNR02
PLAN0065-3,MINE_3,2022-05-01,133054,123900.0,-6.88,Below Target,MPLNR02
PLAN0162-1,MINE_1,2022-05-08,200166,161154.0,-19.49,Below Target,MPLNR03
PLAN0066-3,MINE_3,2022-05-08,157246,120305.0,-23.49,Below Target,MPLNR02
PLAN0018-4,MINE_4,2022-05-08,119544,111319.0,-6.88,Below Target,MPLNR03
PLAN0114-2,MINE_2,2022-05-08,161896,128584.0,-20.58,Below Target,MPLNR03
PLAN0067-3,MINE_3,2022-05-15,157246,114396.0,-27.25,Below Target,MPLNR02
PLAN0163-1,MINE_1,2022-05-15,200166,174745.0,-12.7,Below Target,MPLNR01
PLAN0115-2,MINE_2,2022-05-15,161896,152328.0,-5.91,Below Target,MPLNR02
PLAN0019-4,MINE_4,2022-05-15,119544,113639.0,-4.94,On Track,MPLNR03
PLAN0116-2,MINE_2,2022-05-22,161896,147617.0,-8.82,Below Target,MPLNR01
PLAN0020-4,MINE_4,2022-05-22,119544,89612.0,-25.04,Below Target,MPLNR03
PLAN0164-1,MINE_1,2022-05-22,200166,116613.0,-41.74,Below Target,MPLNR02
PLAN0068-3,MINE_3,2022-05-22,157246,117874.0,-25.04,Below Target,MPLNR02
PLAN0165-1,MINE_1,2022-06-01,188190,111897.0,-40.54,Below Target,MPLNR02
PLAN0021-4,MINE_4,2022-06-01,112392,100141.0,-10.9,Below Target,MPLNR02
PLAN0069-3,MINE_3,2022-06-01,147838,106116.0,-28.22,Below Target,MPLNR03
PLAN0117-2,MINE_2,2022-06-01,152210,118115.0,-22.4,Below Target,MPLNR03
PLAN0022-4,MINE_4,2022-06-08,132827,117349.0,-11.65,Below Target,MPLNR02
PLAN0118-2,MINE_2,2022-06-08,179884,129121.0,-28.22,Below Target,MPLNR01
PLAN0070-3,MINE_3,2022-06-08,174717,164391.0,-5.91,Below Target,MPLNR03
PLAN0166-1,MINE_1,2022-06-08,222407,189847.0,-14.64,Below Target,MPLNR01
PLAN0119-2,MINE_2,2022-06-15,179884,134844.0,-25.04,Below Target,MPLNR03
PLAN0167-1,MINE_1,2022-06-15,222407,150842.0,-32.18,Below Target,MPLNR03
PLAN0023-4,MINE_4,2022-06-15,132827,79393.0,-40.23,Below Target,MPLNR01
PLAN0071-3,MINE_3,2022-06-15,174717,135580.0,-22.4,Below Target,MPLNR01
PLAN0120-2,MINE_2,2022-06-22,179884,129121.0,-28.22,Below Target,MPLNR02
PLAN0024-4,MINE_4,2022-06-22,132827,74368.0,-44.01,Below Target,MPLNR03
PLAN0168-1,MINE_1,2022-06-22,222407,189847.0,-14.64,Below Target,MPLNR01
PLAN0072-3,MINE_3,2022-06-22,174717,128801.0,-26.28,Below Target,MPLNR03
PLAN0121-2,MINE_2,2022-07-01,167431,131551.0,-21.43,Below Target,MPLNR01
PLAN0169-1,MINE_1,2022-07-01,207009,150599.0,-27.25,Below Target,MPLNR03
PLAN0025-4,MINE_4,2022-07-01,123631,104812.0,-15.22,Below Target,MPLNR02
PLAN0073-3,MINE_3,2022-07-01,162622,123040.0,-24.34,Below Target,MPLNR03
PLAN0074-3,MINE_3,2022-07-08,192189,177102.0,-7.85,Below Target,MPLNR02
PLAN0170-1,MINE_1,2022-07-08,244647,177981.0,-27.25,Below Target,MPLNR02
PLAN0026-4,MINE_4,2022-07-08,146110,141756.0,-2.98,On Track,MPLNR03
PLAN0122-2,MINE_2,2022-07-08,197873,142033.0,-28.22,Below Target,MPLNR03
PLAN0075-3,MINE_3,2022-07-15,192189,145783.0,-24.15,Below Target,MPLNR03
PLAN0171-1,MINE_1,2022-07-15,244647,174384.0,-28.72,Below Target,MPLNR03
PLAN0027-4,MINE_4,2022-07-15,146110,96488.0,-33.96,Below Target,MPLNR03
PLAN0123-2,MINE_2,2022-07-15,197873,151860.0,-23.25,Below Target,MPLNR01
PLAN0172-1,MINE_1,2022-07-22,244647,165925.0,-32.18,Below Target,MPLNR02
PLAN0028-4,MINE_4,2022-07-22,146110,103007.0,-29.5,Below Target,MPLNR01
PLAN0124-2,MINE_2,2022-07-22,197873,165066.0,-16.58,Below Target,MPLNR01
PLAN0076-3,MINE_3,2022-07-22,192189,137953.0,-28.22,Below Target,MPLNR02
PLAN0077-3,MINE_3,2022-08-01,162622,148279.0,-8.82,Below Target,MPLNR01
PLAN0029-4,MINE_4,2022-08-01,123631,116324.0,-5.91,Below Target,MPLNR01
PLAN0125-2,MINE_2,2022-08-01,167431,151040.0,-9.79,Below Target,MPLNR02
PLAN0173-1,MINE_1,2022-08-01,207009,176703.0,-14.64,Below Target,MPLNR01
PLAN0126-2,MINE_2,2022-08-08,197873,155469.0,-21.43,Below Target,MPLNR01
PLAN0030-4,MINE_4,2022-08-08,146110,104878.0,-28.22,Below Target,MPLNR01
PLAN0174-1,MINE_1,2022-08-08,244647,142527.0,-41.74,Below Target,MPLNR01
PLAN0078-3,MINE_3,2022-08-08,192189,169338.0,-11.89,Below Target,MPLNR01
PLAN0079-3,MINE_3,2022-08-15,192189,182695.0,-4.94,On Track,MPLNR03
PLAN0031-4,MINE_4,2022-08-15,146110,81235.0,-44.4,Below Target,MPLNR01
PLAN0127-2,MINE_2,2022-08-15,197873,178501.0,-9.79,Below Target,MPLNR03
PLAN0175-1,MINE_1,2022-08-15,244647,149244.0,-39.0,Below Target,MPLNR01
PLAN0080-3,MINE_3,2022-08-22,192189,114874.0,-40.23,Below Target,MPLNR01
PLAN0032-4,MINE_4,2022-08-22,146110,119957.0,-17.9,Below Target,MPLNR03
PLAN0128-2,MINE_2,2022-08-22,197873,171284.0,-13.44,Below Target,MPLNR03
PLAN0176-1,MINE_1,2022-08-22,244647,194307.0,-20.58,Below Target,MPLNR03
PLAN0033-4,MINE_4,2022-09-01,112392,75224.0,-33.07,Below Target,MPLNR01
PLAN0129-2,MINE_2,2022-09-01,152210,124021.0,-18.52,Below Target,MPLNR03
PLAN0177-1,MINE_1,2022-09-01,188190,141070.0,-25.04,Below Target,MPLNR02
PLAN0081-3,MINE_3,2022-09-01,147838,124760.0,-15.61,Below Target,MPLNR03
PLAN0178-1,MINE_1,2022-09-08,222407,181217.0,-18.52,Below Target,MPLNR01
PLAN0034-4,MINE_4,2022-09-08,132827,73363.0,-44.77,Below Target,MPLNR01
PLAN0082-3,MINE_3,2022-09-08,174717,112261.0,-35.75,Below Target,MPLNR01
PLAN0130-2,MINE_2,2022-09-08,179884,146569.0,-18.52,Below Target,MPLNR03
PLAN0131-2,MINE_2,2022-09-15,179884,120396.0,-33.07,Below Target,MPLNR02
PLAN0179-1,MINE_1,2022-09-15,222407,194506.0,-12.54,Below Target,MPLNR01
PLAN0083-3,MINE_3,2022-09-15,174717,127852.0,-26.82,Below Target,MPLNR02
PLAN0035-4,MINE_4,2022-09-15,132827,103125.0,-22.36,Below Target,MPLNR01
PLAN0036-4,MINE_4,2022-09-22,132827,114979.0,-13.44,Below Target,MPLNR01
PLAN0180-1,MINE_1,2022-09-22,222407,138933.0,-37.53,Below Target,MPLNR02
PLAN0084-3,MINE_3,2022-09-22,174717,124734.0,-28.61,Below Target,MPLNR02
PLAN0132-2,MINE_2,2022-09-22,179884,130028.0,-27.72,Below Target,MPLNR01
PLAN0133-2,MINE_2,2022-10-01,152210,141738.0,-6.88,Below Target,MPLNR02
PLAN0181-1,MINE_1,2022-10-01,188190,162464.0,-13.67,Below Target,MPLNR01
PLAN0085-3,MINE_3,2022-10-01,147838,93220.0,-36.94,Below Target,MPLNR02
PLAN0037-4,MINE_4,2022-10-01,112392,85036.0,-24.34,Below Target,MPLNR03
PLAN0086-3,MINE_3,2022-10-08,174717,167781.0,-3.97,On Track,MPLNR02
PLAN0038-4,MINE_4,2022-10-08,132827,110804.0,-16.58,Below Target,MPLNR01
PLAN0182-1,MINE_1,2022-10-08,222407,166590.0,-25.1,Below Target,MPLNR02
PLAN0134-2,MINE_2,2022-10-08,179884,157318.0,-12.54,Below Target,MPLNR01
PLAN0183-1,MINE_1,2022-10-15,222407,150842.0,-32.18,Below Target,MPLNR02
PLAN0135-2,MINE_2,2022-10-15,179884,121129.0,-32.66,Below Target,MPLNR01
PLAN0087-3,MINE_3,2022-10-15,174717,130869.0,-25.1,Below Target,MPLNR03
PLAN0039-4,MINE_4,2022-10-15,132827,126265.0,-4.94,On Track,MPLNR03
PLAN0184-1,MINE_1,2022-10-22,222407,161542.0,-27.37,Below Target,MPLNR02
PLAN0040-4,MINE_4,2022-10-22,132827,97199.0,-26.82,Below Target,MPLNR02
PLAN0136-2,MINE_2,2022-10-22,179884,151804.0,-15.61,Below Target,MPLNR01
PLAN0088-3,MINE_3,2022-10-22,174717,154223.0,-11.73,Below Target,MPLNR01
PLAN0137-2,MINE_2,2022-11-01,91326,67644.0,-25.93,Below Target,MPLNR02
PLAN0185-1,MINE_1,2022-11-01,112914,73558.0,-34.85,Below Target,MPLNR02
PLAN0089-3,MINE_3,2022-11-01,88702,68372.0,-22.92,Below Target,MPLNR03
PLAN0041-4,MINE_4,2022-11-01,67435,57772.0,-14.33,Below Target,MPLNR03
PLAN0090-3,MINE_3,2022-11-08,104830,70163.0,-33.07,Below Target,MPLNR02
PLAN0186-1,MINE_1,2022-11-08,133444,116704.0,-12.54,Below Target,MPLNR02
PLAN0138-2,MINE_2,2022-11-08,107930,68385.0,-36.64,Below Target,MPLNR01
PLAN0042-4,MINE_4,2022-11-08,79696,50650.0,-36.45,Below Target,MPLNR03
PLAN0091-3,MINE_3,2022-11-15,104830,68210.0,-34.93,Below Target,MPLNR03
PLAN0187-1,MINE_1,2022-11-15,133444,97081.0,-27.25,Below Target,MPLNR03
PLAN0139-2,MINE_2,2022-11-15,107930,81660.0,-24.34,Below Target,MPLNR02
PLAN0043-4,MINE_4,2022-11-15,79696,76532.0,-3.97,On Track,MPLNR01
PLAN0188-1,MINE_1,2022-11-22,133444,94906.0,-28.88,Below Target,MPLNR01
PLAN0092-3,MINE_3,2022-11-22,104830,89808.0,-14.33,Below Target,MPLNR01
PLAN0140-2,MINE_2,2022-11-22,107930,77472.0,-28.22,Below Target,MPLNR03
PLAN0044-4,MINE_4,2022-11-22,79696,63297.0,-20.58,Below Target,MPLNR02
PLAN0141-2,MINE_2,2022-12-01,60884,52561.0,-13.67,Below Target,MPLNR03
PLAN0045-4,MINE_4,2022-12-01,44957,34503.0,-23.25,Below Target,MPLNR02
PLAN0189-1,MINE_1,2022-12-01,75276,39868.0,-47.04,Below Target,MPLNR03
PLAN0093-3,MINE_3,2022-12-01,59135,47036.0,-20.46,Below Target,MPLNR03
PLAN0142-2,MINE_2,2022-12-08,71953,51718.0,-28.12,Below Target,MPLNR01
PLAN0190-1,MINE_1,2022-12-08,88962,84567.0,-4.94,On Track,MPLNR01
PLAN0046-4,MINE_4,2022-12-08,53131,38880.0,-26.82,Below Target,MPLNR02
PLAN0094-3,MINE_3,2022-12-08,69887,59656.0,-14.64,Below Target,MPLNR01
PLAN0047-4,MINE_4,2022-12-15,53131,40302.0,-24.15,Below Target,MPLNR02
PLAN0191-1,MINE_1,2022-12-15,88962,63857.0,-28.22,Below Target,MPLNR03
PLAN0095-3,MINE_3,2022-12-15,69887,47589.0,-31.91,Below Target,MPLNR03
PLAN0143-2,MINE_2,2022-12-15,71953,53351.0,-25.85,Below Target,MPLNR02
PLAN0096-3,MINE_3,2022-12-22,69887,59656.0,-14.64,Below Target,MPLNR01
PLAN0192-1,MINE_1,2022-12-22,88962,82841.0,-6.88,Below Target,MPLNR02
PLAN0144-2,MINE_2,2022-12-22,71953,44948.0,-37.53,Below Target,MPLNR03
PLAN0048-4,MINE_4,2022-12-22,53131,46899.0,-11.73,Below Target,MPLNR03
PLAN0097-3,MINE_3,2023-01-01,95513,67336.0,-29.5,Below Target,MPLNR01
PLAN0193-1,MINE_1,2023-01-01,71026,58313.0,-17.9,Below Target,MPLNR01
PLAN0145-2,MINE_2,2023-01-01,93926,83820.0,-10.76,Below Target,MPLNR02
PLAN0001-5,MINE_5,2023-01-01,76122,57742.0,-24.15,Below Target,MPLNR01
PLAN0049-4,MINE_4,2023-01-01,66097,43059.0,-34.85,Below Target,MPLNR02
PLAN0146-2,MINE_2,2023-01-08,111004,71323.0,-35.75,Below Target,MPLNR02
PLAN0050-4,MINE_4,2023-01-08,78114,56070.0,-28.22,Below Target,MPLNR03
PLAN0098-3,MINE_3,2023-01-08,112880,72529.0,-35.75,Below Target,MPLNR02
PLAN0002-5,MINE_5,2023-01-08,89962,63702.0,-29.19,Below Target,MPLNR01
PLAN0194-1,MINE_1,2023-01-08,83940,44456.0,-47.04,Below Target,MPLNR01
PLAN0195-1,MINE_1,2023-01-15,83940,80608.0,-3.97,On Track,MPLNR03
PLAN0003-5,MINE_5,2023-01-15,89962,62829.0,-30.16,Below Target,MPLNR01
PLAN0147-2,MINE_2,2023-01-15,111004,74295.0,-33.07,Below Target,MPLNR01
PLAN0051-4,MINE_4,2023-01-15,78114,56070.0,-28.22,Below Target,MPLNR03
PLAN0099-3,MINE_3,2023-01-15,112880,90880.0,-19.49,Below Target,MPLNR01
PLAN0052-4,MINE_4,2023-01-22,78114,59101.0,-24.34,Below Target,MPLNR03
PLAN0148-2,MINE_2,2023-01-22,111004,79679.0,-28.22,Below Target,MPLNR03
PLAN0004-5,MINE_5,2023-01-22,89962,66023.0,-26.61,Below Target,MPLNR03
PLAN0196-1,MINE_1,2023-01-22,83940,54683.0,-34.85,Below Target,MPLNR03
PLAN0100-3,MINE_3,2023-01-22,112880,104019.0,-7.85,Below Target,MPLNR02
PLAN0053-4,MINE_4,2023-02-01,77113,59181.0,-23.25,Below Target,MPLNR02
PLAN0005-5,MINE_5,2023-02-01,88809,67365.0,-24.15,Below Target,MPLNR03
PLAN0101-3,MINE_3,2023-02-01,111433,95119.0,-14.64,Below Target,MPLNR02
PLAN0149-2,MINE_2,2023-02-01,109581,95664.0,-12.7,Below Target,MPLNR01
PLAN0197-1,MINE_1,2023-02-01,82864,73144.0,-11.73,Below Target,MPLNR01
PLAN0198-1,MINE_1,2023-02-08,97930,52607.0,-46.28,Below Target,MPLNR03
PLAN0102-3,MINE_3,2023-02-08,131693,94529.0,-28.22,Below Target,MPLNR02
PLAN0006-5,MINE_5,2023-02-08,104956,94681.0,-9.79,Below Target,MPLNR01
PLAN0150-2,MINE_2,2023-02-08,129505,110947.0,-14.33,Below Target,MPLNR01
PLAN0054-4,MINE_4,2023-02-08,91133,56540.0,-37.96,Below Target,MPLNR01
PLAN0103-3,MINE_3,2023-02-15,131693,97646.0,-25.85,Below Target,MPLNR03
PLAN0007-5,MINE_5,2023-02-15,104956,97735.0,-6.88,Below Target,MPLNR03
PLAN0055-4,MINE_4,2023-02-15,91133,57742.0,-36.64,Below Target,MPLNR01
PLAN0151-2,MINE_2,2023-02-15,129505,92959.0,-28.22,Below Target,MPLNR03
PLAN0199-1,MINE_1,2023-02-15,97930,69040.0,-29.5,Below Target,MPLNR03
PLAN0056-4,MINE_4,2023-02-22,91133,66688.0,-26.82,Below Target,MPLNR02
PLAN0152-2,MINE_2,2023-02-22,129505,80899.0,-37.53,Below Target,MPLNR03
PLAN0200-1,MINE_1,2023-02-22,97930,64671.0,-33.96,Below Target,MPLNR03
PLAN0104-3,MINE_3,2023-02-22,131693,94529.0,-28.22,Below Target,MPLNR03
PLAN0008-5,MINE_5,2023-02-22,104956,96717.0,-7.85,Below Target,MPLNR02
PLAN0009-5,MINE_5,2023-03-01,101496,97467.0,-3.97,On Track,MPLNR03
PLAN0105-3,MINE_3,2023-03-01,127352,85756.0,-32.66,Below Target,MPLNR03
PLAN0153-2,MINE_2,2023-03-01,125235,104471.0,-16.58,Below Target,MPLNR02
PLAN0201-1,MINE_1,2023-03-01,94702,88187.0,-6.88,Below Target,MPLNR02
PLAN0057-4,MINE_4,2023-03-01,88129,71568.0,-18.79,Below Target,MPLNR01
PLAN0010-5,MINE_5,2023-03-08,119950,109370.0,-8.82,Below Target,MPLNR03
PLAN0106-3,MINE_3,2023-03-08,150506,125552.0,-16.58,Below Target,MPLNR03
PLAN0202-1,MINE_1,2023-03-08,111921,85765.0,-23.37,Below Target,MPLNR02
PLAN0058-4,MINE_4,2023-03-08,104152,83651.0,-19.68,Below Target,MPLNR01
PLAN0154-2,MINE_2,2023-03-08,148006,126338.0,-14.64,Below Target,MPLNR03
PLAN0059-4,MINE_4,2023-03-15,104152,96986.0,-6.88,Below Target,MPLNR03
PLAN0203-1,MINE_1,2023-03-15,111921,75994.0,-32.1,Below Target,MPLNR03
PLAN0107-3,MINE_3,2023-03-15,150506,102486.0,-31.91,Below Target,MPLNR01
PLAN0011-5,MINE_5,2023-03-15,119950,94245.0,-21.43,Below Target,MPLNR01
PLAN0155-2,MINE_2,2023-03-15,148006,119160.0,-19.49,Below Target,MPLNR02
PLAN0156-2,MINE_2,2023-03-22,148006,116288.0,-21.43,Below Target,MPLNR02
PLAN0060-4,MINE_4,2023-03-22,104152,92945.0,-10.76,Below Target,MPLNR03
PLAN0108-3,MINE_3,2023-03-22,150506,115333.0,-23.37,Below Target,MPLNR01
PLAN0204-1,MINE_1,2023-03-22,111921,98793.0,-11.73,Below Target,MPLNR03
PLAN0012-5,MINE_5,2023-03-22,119950,85635.0,-28.61,Below Target,MPLNR03
PLAN0061-4,MINE_4,2023-04-01,88129,75227.0,-14.64,Below Target,MPLNR02
PLAN0013-5,MINE_5,2023-04-01,101496,72854.0,-28.22,Below Target,MPLNR03
PLAN0205-1,MINE_1,2023-04-01,94702,53739.0,-43.26,Below Target,MPLNR02
PLAN0157-2,MINE_2,2023-04-01,125235,74855.0,-40.23,Below Target,MPLNR02
PLAN0109-3,MINE_3,2023-04-01,127352,91413.0,-28.22,Below Target,MPLNR03
PLAN0014-5,MINE_5,2023-04-08,119950,100621.0,-16.11,Below Target,MPLNR03
PLAN0206-1,MINE_1,2023-04-08,111921,83589.0,-25.31,Below Target,MPLNR02
PLAN0158-2,MINE_2,2023-04-08,148006,130408.0,-11.89,Below Target,MPLNR03
PLAN0110-3,MINE_3,2023-04-08,150506,106573.0,-29.19,Below Target,MPLNR01
PLAN0062-4,MINE_4,2023-04-08,104152,74240.0,-28.72,Below Target,MPLNR02
PLAN0111-3,MINE_3,2023-04-15,150506,100734.0,-33.07,Below Target,MPLNR01
PLAN0207-1,MINE_1,2023-04-15,111921,71131.0,-36.45,Below Target,MPLNR01
PLAN0063-4,MINE_4,2023-04-15,104152,79812.0,-23.37,Below Target,MPLNR01
PLAN0159-2,MINE_2,2023-04-15,148006,100783.0,-31.91,Below Target,MPLNR01
PLAN0015-5,MINE_5,2023-04-15,119950,78956.0,-34.18,Below Target,MPLNR03
PLAN0208-1,MINE_1,2023-04-22,111921,61816.0,-44.77,Below Target,MPLNR01
PLAN0064-4,MINE_4,2023-04-22,104152,71729.0,-31.13,Below Target,MPLNR03
PLAN0112-3,MINE_3,2023-04-22,150506,127596.0,-15.22,Below Target,MPLNR02
PLAN0160-2,MINE_2,2023-04-22,148006,114910.0,-22.36,Below Target,MPLNR02
PLAN0016-5,MINE_5,2023-04-22,119950,102389.0,-14.64,Below Target,MPLNR02
PLAN0209-1,MINE_1,2023-05-01,106540,77963.0,-26.82,Below Target,MPLNR02
PLAN0113-3,MINE_3,2023-05-01,143271,93334.0,-34.85,Below Target,MPLNR02
PLAN0065-4,MINE_4,2023-05-01,99145,78860.0,-20.46,Below Target,MPLNR02
PLAN0161-2,MINE_2,2023-05-01,140890,116929.0,-17.01,Below Target,MPLNR01
PLAN0017-5,MINE_5,2023-05-01,114183,93745.0,-17.9,Below Target,MPLNR01
PLAN0210-1,MINE_1,2023-05-08,125911,106652.0,-15.3,Below Target,MPLNR03
PLAN0114-3,MINE_3,2023-05-08,169320,165951.0,-1.99,On Track,MPLNR02
PLAN0066-4,MINE_4,2023-05-08,117172,79623.0,-32.05,Below Target,MPLNR02
PLAN0018-5,MINE_5,2023-05-08,134944,120424.0,-10.76,Below Target,MPLNR01
PLAN0162-2,MINE_2,2023-05-08,166506,158247.0,-4.96,On Track,MPLNR01
PLAN0115-3,MINE_3,2023-05-15,169320,124823.0,-26.28,Below Target,MPLNR02
PLAN0163-2,MINE_2,2023-05-15,166506,118872.0,-28.61,Below Target,MPLNR03
PLAN0211-1,MINE_1,2023-05-15,125911,84785.0,-32.66,Below Target,MPLNR03
PLAN0019-5,MINE_5,2023-05-15,134944,76574.0,-43.26,Below Target,MPLNR02
PLAN0067-4,MINE_4,2023-05-15,117172,107974.0,-7.85,Below Target,MPLNR02
PLAN0116-3,MINE_3,2023-05-22,169320,114837.0,-32.18,Below Target,MPLNR01
PLAN0068-4,MINE_4,2023-05-22,117172,97745.0,-16.58,Below Target,MPLNR02
PLAN0020-5,MINE_5,2023-05-22,134944,121571.0,-9.91,Below Target,MPLNR03
PLAN0164-2,MINE_2,2023-05-22,166506,147104.0,-11.65,Below Target,MPLNR01
PLAN0212-1,MINE_1,2023-05-22,125911,104498.0,-17.01,Below Target,MPLNR03
PLAN0213-1,MINE_1,2023-06-01,118378,96454.0,-18.52,Below Target,MPLNR03
PLAN0069-4,MINE_4,2023-06-01,110161,96171.0,-12.7,Below Target,MPLNR02
PLAN0117-3,MINE_3,2023-06-01,159190,134340.0,-15.61,Below Target,MPLNR03
PLAN0165-2,MINE_2,2023-06-01,156544,107812.0,-31.13,Below Target,MPLNR01
PLAN0021-5,MINE_5,2023-06-01,126870,98500.0,-22.36,Below Target,MPLNR02
PLAN0214-1,MINE_1,2023-06-08,139901,132990.0,-4.94,On Track,MPLNR01
PLAN0070-4,MINE_4,2023-06-08,130191,96431.0,-25.93,Below Target,MPLNR02
PLAN0166-2,MINE_2,2023-06-08,185007,168689.0,-8.82,Below Target,MPLNR03
PLAN0118-3,MINE_3,2023-06-08,188133,134101.0,-28.72,Below Target,MPLNR01
PLAN0022-5,MINE_5,2023-06-08,149937,127114.0,-15.22,Below Target,MPLNR03
PLAN0071-4,MINE_4,2023-06-15,130191,102291.0,-21.43,Below Target,MPLNR01
PLAN0167-2,MINE_2,2023-06-15,185007,121779.0,-34.18,Below Target,MPLNR02
PLAN0023-5,MINE_5,2023-06-15,149937,109079.0,-27.25,Below Target,MPLNR02
PLAN0119-3,MINE_3,2023-06-15,188133,101693.0,-45.95,Below Target,MPLNR01
PLAN0215-1,MINE_1,2023-06-15,139901,104492.0,-25.31,Below Target,MPLNR02
PLAN0120-3,MINE_3,2023-06-22,188133,132378.0,-29.64,Below Target,MPLNR01
PLAN0216-1,MINE_1,2023-06-22,139901,79943.0,-42.86,Below Target,MPLNR03
PLAN0072-4,MINE_4,2023-06-22,130191,116000.0,-10.9,Below Target,MPLNR03
PLAN0168-2,MINE_2,2023-06-22,185007,137177.0,-25.85,Below Target,MPLNR01
PLAN0024-5,MINE_5,2023-06-22,149937,109454.0,-27.0,Below Target,MPLNR01
PLAN0217-1,MINE_1,2023-07-01,130216,110359.0,-15.25,Below Target,MPLNR01
PLAN0073-4,MINE_4,2023-07-01,121177,87592.0,-27.72,Below Target,MPLNR03
PLAN0169-2,MINE_2,2023-07-01,172199,157011.0,-8.82,Below Target,MPLNR03
PLAN0025-5,MINE_5,2023-07-01,139557,100878.0,-27.72,Below Target,MPLNR01
PLAN0121-3,MINE_3,2023-07-01,175109,124538.0,-28.88,Below Target,MPLNR02
PLAN0074-4,MINE_4,2023-07-08,143210,111131.0,-22.4,Below Target,MPLNR02
PLAN0026-5,MINE_5,2023-07-08,164931,129522.0,-21.47,Below Target,MPLNR01
PLAN0122-3,MINE_3,2023-07-08,206947,134816.0,-34.85,Below Target,MPLNR02
PLAN0218-1,MINE_1,2023-07-08,153891,125390.0,-18.52,Below Target,MPLNR03
PLAN0170-2,MINE_2,2023-07-08,203508,138024.0,-32.18,Below Target,MPLNR01
PLAN0027-5,MINE_5,2023-07-15,164931,156783.0,-4.94,On Track,MPLNR03
PLAN0123-3,MINE_3,2023-07-15,206947,150554.0,-27.25,Below Target,MPLNR02
PLAN0171-2,MINE_2,2023-07-15,203508,143196.0,-29.64,Below Target,MPLNR01
PLAN0075-4,MINE_4,2023-07-15,143210,105574.0,-26.28,Below Target,MPLNR03
PLAN0219-1,MINE_1,2023-07-15,153891,102320.0,-33.51,Below Target,MPLNR02
PLAN0220-1,MINE_1,2023-07-22,153891,86010.0,-44.11,Below Target,MPLNR01
PLAN0124-3,MINE_3,2023-07-22,206947,159804.0,-22.78,Below Target,MPLNR03
PLAN0076-4,MINE_4,2023-07-22,143210,103498.0,-27.73,Below Target,MPLNR03
PLAN0172-2,MINE_2,2023-07-22,203508,129338.0,-36.45,Below Target,MPLNR02
PLAN0028-5,MINE_5,2023-07-22,164931,144210.0,-12.56,Below Target,MPLNR03
PLAN0173-2,MINE_2,2023-08-01,172199,106378.0,-38.22,Below Target,MPLNR01
PLAN0125-3,MINE_3,2023-08-01,175109,145135.0,-17.12,Below Target,MPLNR01
PLAN0029-5,MINE_5,2023-08-01,139557,135398.0,-2.98,On Track,MPLNR02
PLAN0221-1,MINE_1,2023-08-01,130216,105709.0,-18.82,Below Target,MPLNR02
PLAN0077-4,MINE_4,2023-08-01,121177,105569.0,-12.88,Below Target,MPLNR03
PLAN0174-2,MINE_2,2023-08-08,203508,158001.0,-22.36,Below Target,MPLNR03
PLAN0126-3,MINE_3,2023-08-08,206947,118519.0,-42.73,Below Target,MPLNR03
PLAN0030-5,MINE_5,2023-08-08,164931,80800.0,-51.01,Below Target,MPLNR02
PLAN0078-4,MINE_4,2023-08-08,143210,97240.0,-32.1,Below Target,MPLNR02
PLAN0222-1,MINE_1,2023-08-08,153891,81947.0,-46.75,Below Target,MPLNR02
PLAN0079-4,MINE_4,2023-08-15,143210,137525.0,-3.97,On Track,MPLNR02
PLAN0127-3,MINE_3,2023-08-15,206947,194716.0,-5.91,Below Target,MPLNR02
PLAN0223-1,MINE_1,2023-08-15,153891,101937.0,-33.76,Below Target,MPLNR01
PLAN0031-5,MINE_5,2023-08-15,164931,140422.0,-14.86,Below Target,MPLNR01
PLAN0175-2,MINE_2,2023-08-15,203508,185355.0,-8.92,Below Target,MPLNR01
PLAN0080-4,MINE_4,2023-08-22,143210,121305.0,-15.3,Below Target,MPLNR03
PLAN0128-3,MINE_3,2023-08-22,206947,162598.0,-21.43,Below Target,MPLNR03
PLAN0224-1,MINE_1,2023-08-22,153891,120852.0,-21.47,Below Target,MPLNR01
PLAN0032-5,MINE_5,2023-08-22,164931,101888.0,-38.22,Below Target,MPLNR03
PLAN0176-2,MINE_2,2023-08-22,203508,159896.0,-21.43,Below Target,MPLNR02
PLAN0177-2,MINE_2,2023-09-01,156544,116234.0,-25.75,Below Target,MPLNR02
PLAN0129-3,MINE_3,2023-09-01,159190,115811.0,-27.25,Below Target,MPLNR01
PLAN0225-1,MINE_1,2023-09-01,118378,71879.0,-39.28,Below Target,MPLNR01
PLAN0081-4,MINE_4,2023-09-01,110161,96342.0,-12.54,Below Target,MPLNR03
PLAN0033-5,MINE_5,2023-09-01,126870,76122.0,-40.0,Below Target,MPLNR02
PLAN0034-5,MINE_5,2023-09-08,149937,133594.0,-10.9,Below Target,MPLNR03
PLAN0226-1,MINE_1,2023-09-08,139901,70468.0,-49.63,Below Target,MPLNR01
PLAN0178-2,MINE_2,2023-09-08,185007,149969.0,-18.94,Below Target,MPLNR03
PLAN0082-4,MINE_4,2023-09-08,130191,85376.0,-34.42,Below Target,MPLNR02
PLAN0130-3,MINE_3,2023-09-08,188133,122023.0,-35.14,Below Target,MPLNR01
PLAN0083-4,MINE_4,2023-09-15,130191,105689.0,-18.82,Below Target,MPLNR01
PLAN0179-2,MINE_2,2023-09-15,185007,151892.0,-17.9,Below Target,MPLNR02
PLAN0035-5,MINE_5,2023-09-15,149937,126172.0,-15.85,Below Target,MPLNR03
PLAN0227-1,MINE_1,2023-09-15,139901,77270.0,-44.77,Below Target,MPLNR01
PLAN0131-3,MINE_3,2023-09-15,188133,129296.0,-31.27,Below Target,MPLNR02
PLAN0132-3,MINE_3,2023-09-22,188133,120725.0,-35.83,Below Target,MPLNR02
PLAN0180-2,MINE_2,2023-09-22,185007,181325.0,-1.99,On Track,MPLNR01
PLAN0084-4,MINE_4,2023-09-22,130191,84448.0,-35.14,Below Target,MPLNR03
PLAN0036-5,MINE_5,2023-09-22,149937,79841.0,-46.75,Below Target,MPLNR01
PLAN0228-1,MINE_1,2023-09-22,139901,91705.0,-34.45,Below Target,MPLNR01
PLAN0037-5,MINE_5,2023-10-01,126870,62154.0,-51.01,Below Target,MPLNR01
PLAN0181-2,MINE_2,2023-10-01,156544,97122.0,-37.96,Below Target,MPLNR02
PLAN0085-4,MINE_4,2023-10-01,110161,77432.0,-29.71,Below Target,MPLNR01
PLAN0229-1,MINE_1,2023-10-01,118378,65345.0,-44.8,Below Target,MPLNR01
PLAN0133-3,MINE_3,2023-10-01,159190,112229.0,-29.5,Below Target,MPLNR03
PLAN0182-2,MINE_2,2023-10-08,185007,149969.0,-18.94,Below Target,MPLNR03
PLAN0038-5,MINE_5,2023-10-08,149937,103457.0,-31.0,Below Target,MPLNR03
PLAN0086-4,MINE_4,2023-10-08,130191,103111.0,-20.8,Below Target,MPLNR03
PLAN0230-1,MINE_1,2023-10-08,139901,78568.0,-43.84,Below Target,MPLNR03
PLAN0134-3,MINE_3,2023-10-08,188133,106052.0,-43.63,Below Target,MPLNR02
PLAN0231-1,MINE_1,2023-10-15,139901,100421.0,-28.22,Below Target,MPLNR02
PLAN0039-5,MINE_5,2023-10-15,149937,103029.0,-31.29,Below Target,MPLNR03
PLAN0087-4,MINE_4,2023-10-15,130191,84813.0,-34.85,Below Target,MPLNR01
PLAN0135-3,MINE_3,2023-10-15,188133,151101.0,-19.68,Below Target,MPLNR02
PLAN0183-2,MINE_2,2023-10-15,185007,140335.0,-24.15,Below Target,MPLNR02
PLAN0040-5,MINE_5,2023-10-22,149937,119260.0,-20.46,Below Target,MPLNR03
PLAN0088-4,MINE_4,2023-10-22,130191,113422.0,-12.88,Below Target,MPLNR01
PLAN0232-1,MINE_1,2023-10-22,139901,120777.0,-13.67,Below Target,MPLNR01
PLAN0184-2,MINE_2,2023-10-22,185007,156127.0,-15.61,Below Target,MPLNR02
PLAN0136-3,MINE_3,2023-10-22,188133,139689.0,-25.75,Below Target,MPLNR01
PLAN0089-4,MINE_4,2023-11-01,66097,62832.0,-4.94,On Track,MPLNR01
PLAN0137-3,MINE_3,2023-11-01,95513,86162.0,-9.79,Below Target,MPLNR02
PLAN0233-1,MINE_1,2023-11-01,71026,55116.0,-22.4,Below Target,MPLNR03
PLAN0185-2,MINE_2,2023-11-01,93926,66217.0,-29.5,Below Target,MPLNR02
PLAN0041-5,MINE_5,2023-11-01,76122,59535.0,-21.79,Below Target,MPLNR03
PLAN0186-2,MINE_2,2023-11-08,111004,104444.0,-5.91,Below Target,MPLNR03
PLAN0234-1,MINE_1,2023-11-08,83940,74159.0,-11.65,Below Target,MPLNR03
PLAN0090-4,MINE_4,2023-11-08,78114,59950.0,-23.25,Below Target,MPLNR02
PLAN0138-3,MINE_3,2023-11-08,112880,88690.0,-21.43,Below Target,MPLNR02
PLAN0042-5,MINE_5,2023-11-08,89962,68578.0,-23.77,Below Target,MPLNR01
PLAN0235-1,MINE_1,2023-11-15,83940,59177.0,-29.5,Below Target,MPLNR03
PLAN0187-2,MINE_2,2023-11-15,111004,99060.0,-10.76,Below Target,MPLNR02
PLAN0139-3,MINE_3,2023-11-15,112880,86500.0,-23.37,Below Target,MPLNR01
PLAN0043-5,MINE_5,2023-11-15,89962,86391.0,-3.97,On Track,MPLNR02
PLAN0091-4,MINE_4,2023-11-15,78114,42553.0,-45.52,Below Target,MPLNR01
PLAN0044-5,MINE_5,2023-11-22,89962,63702.0,-29.19,Below Target,MPLNR01
PLAN0092-4,MINE_4,2023-11-22,78114,73497.0,-5.91,Below Target,MPLNR01
PLAN0236-1,MINE_1,2023-11-22,83940,57679.0,-31.29,Below Target,MPLNR02
PLAN0140-3,MINE_3,2023-11-22,112880,84551.0,-25.1,Below Target,MPLNR01
PLAN0188-2,MINE_2,2023-11-22,111004,82909.0,-25.31,Below Target,MPLNR02
PLAN0189-2,MINE_2,2023-12-01,62617,52842.0,-15.61,Below Target,MPLNR01
PLAN0237-1,MINE_1,2023-12-01,47351,34448.0,-27.25,Below Target,MPLNR01
PLAN0045-5,MINE_5,2023-12-01,50748,41349.0,-18.52,Below Target,MPLNR02
PLAN0141-3,MINE_3,2023-12-01,63675,56206.0,-11.73,Below Target,MPLNR03
PLAN0093-4,MINE_4,2023-12-01,44064,34211.0,-22.36,Below Target,MPLNR01
PLAN0190-2,MINE_2,2023-12-08,74003,64605.0,-12.7,Below Target,MPLNR03
PLAN0238-1,MINE_1,2023-12-08,55960,40711.0,-27.25,Below Target,MPLNR03
PLAN0094-4,MINE_4,2023-12-08,52076,30339.0,-41.74,Below Target,MPLNR03
PLAN0046-5,MINE_5,2023-12-08,59974,57593.0,-3.97,On Track,MPLNR03
PLAN0142-3,MINE_3,2023-12-08,75253,55228.0,-26.61,Below Target,MPLNR02
PLAN0143-3,MINE_3,2023-12-15,75253,55477.0,-26.28,Below Target,MPLNR01
PLAN0047-5,MINE_5,2023-12-15,59974,40722.0,-32.1,Below Target,MPLNR02
PLAN0095-4,MINE_4,2023-12-15,52076,45967.0,-11.73,Below Target,MPLNR01
PLAN0239-1,MINE_1,2023-12-15,55960,41797.0,-25.31,Below Target,MPLNR02
PLAN0191-2,MINE_2,2023-12-15,74003,46228.0,-37.53,Below Target,MPLNR02
PLAN0048-5,MINE_5,2023-12-22,59974,42817.0,-28.61,Below Target,MPLNR01
PLAN0240-1,MINE_1,2023-12-22,55960,49939.0,-10.76,Below Target,MPLNR02
PLAN0144-3,MINE_3,2023-12-22,75253,52557.0,-30.16,Below Target,MPLNR03
PLAN0192-2,MINE_2,2023-12-22,74003,66040.0,-10.76,Below Target,MPLNR03
PLAN0096-4,MINE_4,2023-12-22,52076,47483.0,-8.82,Below Target,MPLNR03
PLAN0145-3,MINE_3,2024-01-01,83715,74707.0,-10.76,Below Target,MPLNR03
PLAN0193-2,MINE_2,2024-01-01,68929,47364.0,-31.29,Below Target,MPLNR02
PLAN0049-5,MINE_5,2024-01-01,74270,50372.0,-32.18,Below Target,MPLNR01
PLAN0241-1,MINE_1,2024-01-01,74919,56160.0,-25.04,Below Target,MPLNR02
PLAN0097-4,MINE_4,2024-01-01,98666,89007.0,-9.79,Below Target,MPLNR01
PLAN0098-4,MINE_4,2024-01-08,116606,107452.0,-7.85,Below Target,MPLNR01
PLAN0242-1,MINE_1,2024-01-08,88541,81591.0,-7.85,Below Target,MPLNR03
PLAN0194-2,MINE_2,2024-01-08,81462,77438.0,-4.94,On Track,MPLNR02
PLAN0050-5,MINE_5,2024-01-08,87774,73221.0,-16.58,Below Target,MPLNR03
PLAN0146-3,MINE_3,2024-01-08,98936,93089.0,-5.91,Below Target,MPLNR02
PLAN0147-3,MINE_3,2024-01-15,98936,79653.0,-19.49,Below Target,MPLNR02
PLAN0243-1,MINE_1,2024-01-15,88541,71284.0,-19.49,Below Target,MPLNR01
PLAN0051-5,MINE_5,2024-01-15,87774,81735.0,-6.88,Below Target,MPLNR01
PLAN0195-2,MINE_2,2024-01-15,81462,46226.0,-43.26,Below Target,MPLNR02
PLAN0099-4,MINE_4,2024-01-15,116606,99535.0,-14.64,Below Target,MPLNR02
PLAN0100-4,MINE_4,2024-01-22,116606,65286.0,-44.01,Below Target,MPLNR03
PLAN0148-3,MINE_3,2024-01-22,98936,69615.0,-29.64,Below Target,MPLNR03
PLAN0244-1,MINE_1,2024-01-22,88541,53592.0,-39.47,Below Target,MPLNR03
PLAN0196-2,MINE_2,2024-01-22,81462,45609.0,-44.01,Below Target,MPLNR01
PLAN0052-5,MINE_5,2024-01-22,87774,59105.0,-32.66,Below Target,MPLNR03
PLAN0101-4,MINE_4,2024-02-01,115111,78071.0,-32.18,Below Target,MPLNR01
PLAN0245-1,MINE_1,2024-02-01,87406,68675.0,-21.43,Below Target,MPLNR03
PLAN0149-3,MINE_3,2024-02-01,97667,66725.0,-31.68,Below Target,MPLNR01
PLAN0197-2,MINE_2,2024-02-01,80417,65524.0,-18.52,Below Target,MPLNR01
PLAN0053-5,MINE_5,2024-02-01,86649,71913.0,-17.01,Below Target,MPLNR01
PLAN0150-3,MINE_3,2024-02-08,115425,87554.0,-24.15,Below Target,MPLNR03
PLAN0198-2,MINE_2,2024-02-08,95039,83891.0,-11.73,Below Target,MPLNR01
PLAN0102-4,MINE_4,2024-02-08,136040,109262.0,-19.68,Below Target,MPLNR03
PLAN0054-5,MINE_5,2024-02-08,102403,79504.0,-22.36,Below Target,MPLNR01
PLAN0246-1,MINE_1,2024-02-08,103298,87574.0,-15.22,Below Target,MPLNR01
PLAN0103-4,MINE_4,2024-02-15,136040,101608.0,-25.31,Below Target,MPLNR03
PLAN0151-3,MINE_3,2024-02-15,115425,95168.0,-17.55,Below Target,MPLNR02
PLAN0199-2,MINE_2,2024-02-15,95039,79034.0,-16.84,Below Target,MPLNR03
PLAN0055-5,MINE_5,2024-02-15,102403,90391.0,-11.73,Below Target,MPLNR03
PLAN0247-1,MINE_1,2024-02-15,103298,75590.0,-26.82,Below Target,MPLNR01
PLAN0248-1,MINE_1,2024-02-22,103298,77153.0,-25.31,Below Target,MPLNR01
PLAN0104-4,MINE_4,2024-02-22,136040,120188.0,-11.65,Below Target,MPLNR02
PLAN0200-2,MINE_2,2024-02-22,95039,61459.0,-35.33,Below Target,MPLNR03
PLAN0152-3,MINE_3,2024-02-22,115425,101886.0,-11.73,Below Target,MPLNR01
PLAN0056-5,MINE_5,2024-02-22,102403,89557.0,-12.54,Below Target,MPLNR02
PLAN0105-4,MINE_4,2024-03-01,131555,73656.0,-44.01,Below Target,MPLNR02
PLAN0057-5,MINE_5,2024-03-01,99027,80418.0,-18.79,Below Target,MPLNR01
PLAN0201-2,MINE_2,2024-03-01,91906,57412.0,-37.53,Below Target,MPLNR01
PLAN0153-3,MINE_3,2024-03-01,111620,85534.0,-23.37,Below Target,MPLNR01
PLAN0249-1,MINE_1,2024-03-01,99893,88253.0,-11.65,Below Target,MPLNR02
PLAN0106-4,MINE_4,2024-03-08,155474,119321.0,-23.25,Below Target,MPLNR02
PLAN0250-1,MINE_1,2024-03-08,118055,77709.0,-34.18,Below Target,MPLNR01
PLAN0058-5,MINE_5,2024-03-08,117032,84596.0,-27.72,Below Target,MPLNR02
PLAN0154-3,MINE_3,2024-03-08,131914,110657.0,-16.11,Below Target,MPLNR03
PLAN0202-2,MINE_2,2024-03-08,108616,96929.0,-10.76,Below Target,MPLNR03
PLAN0107-4,MINE_4,2024-03-15,155474,111599.0,-28.22,Below Target,MPLNR02
PLAN0251-1,MINE_1,2024-03-15,118055,83961.0,-28.88,Below Target,MPLNR03
PLAN0203-2,MINE_2,2024-03-15,108616,89175.0,-17.9,Below Target,MPLNR02
PLAN0059-5,MINE_5,2024-03-15,117032,69066.0,-40.99,Below Target,MPLNR01
PLAN0155-3,MINE_3,2024-03-15,131914,104924.0,-20.46,Below Target,MPLNR02
PLAN0252-1,MINE_1,2024-03-22,118055,80159.0,-32.1,Below Target,MPLNR01
PLAN0204-2,MINE_2,2024-03-22,108616,100090.0,-7.85,Below Target,MPLNR02
PLAN0060-5,MINE_5,2024-03-22,117032,84006.0,-28.22,Below Target,MPLNR01
PLAN0156-3,MINE_3,2024-03-22,131914,95967.0,-27.25,Below Target,MPLNR03
PLAN0108-4,MINE_4,2024-03-22,155474,101284.0,-34.85,Below Target,MPLNR02
PLAN0157-3,MINE_3,2024-04-01,111620,80684.0,-27.72,Below Target,MPLNR03
PLAN0253-1,MINE_1,2024-04-01,99893,63486.0,-36.45,Below Target,MPLNR03
PLAN0109-4,MINE_4,2024-04-01,131555,116124.0,-11.73,Below Target,MPLNR02
PLAN0205-2,MINE_2,2024-04-01,91906,71319.0,-22.4,Below Target,MPLNR02
PLAN0061-5,MINE_5,2024-04-01,99027,75884.0,-23.37,Below Target,MPLNR01
PLAN0110-4,MINE_4,2024-04-08,155474,102613.0,-34.0,Below Target,MPLNR02
PLAN0062-5,MINE_5,2024-04-08,117032,76241.0,-34.85,Below Target,MPLNR01
PLAN0206-2,MINE_2,2024-04-08,108616,59207.0,-45.49,Below Target,MPLNR01
PLAN0158-3,MINE_3,2024-04-08,131914,99806.0,-24.34,Below Target,MPLNR03
PLAN0254-1,MINE_1,2024-04-08,118055,88175.0,-25.31,Below Target,MPLNR02
PLAN0255-1,MINE_1,2024-04-15,118055,111078.0,-5.91,Below Target,MPLNR03
PLAN0159-3,MINE_3,2024-04-15,131914,104924.0,-20.46,Below Target,MPLNR01
PLAN0063-5,MINE_5,2024-04-15,117032,78879.0,-32.6,Below Target,MPLNR02
PLAN0207-2,MINE_2,2024-04-15,108616,104304.0,-3.97,On Track,MPLNR03
PLAN0111-4,MINE_4,2024-04-15,155474,147762.0,-4.96,On Track,MPLNR02
PLAN0208-2,MINE_2,2024-04-22,108616,84328.0,-22.36,Below Target,MPLNR01
PLAN0160-3,MINE_3,2024-04-22,131914,93408.0,-29.19,Below Target,MPLNR01
PLAN0112-4,MINE_4,2024-04-22,155474,124870.0,-19.68,Below Target,MPLNR01
PLAN0256-1,MINE_1,2024-04-22,118055,91611.0,-22.4,Below Target,MPLNR03
PLAN0064-5,MINE_5,2024-04-22,117032,110115.0,-5.91,Below Target,MPLNR02
PLAN0209-2,MINE_2,2024-05-01,103394,87254.0,-15.61,Below Target,MPLNR03
PLAN0161-3,MINE_3,2024-05-01,125572,88357.0,-29.64,Below Target,MPLNR02
PLAN0065-5,MINE_5,2024-05-01,111406,104822.0,-5.91,Below Target,MPLNR01
PLAN0257-1,MINE_1,2024-05-01,112379,68871.0,-38.72,Below Target,MPLNR01
PLAN0113-4,MINE_4,2024-05-01,147999,93773.0,-36.64,Below Target,MPLNR03
PLAN0114-4,MINE_4,2024-05-08,174909,135729.0,-22.4,Below Target,MPLNR02
PLAN0066-5,MINE_5,2024-05-08,131661,100892.0,-23.37,Below Target,MPLNR01
PLAN0162-3,MINE_3,2024-05-08,148404,105949.0,-28.61,Below Target,MPLNR02
PLAN0258-1,MINE_1,2024-05-08,132812,104350.0,-21.43,Below Target,MPLNR01
PLAN0210-2,MINE_2,2024-05-08,122193,79508.0,-34.93,Below Target,MPLNR02
PLAN0115-4,MINE_4,2024-05-15,174909,154392.0,-11.73,Below Target,MPLNR02
PLAN0067-5,MINE_5,2024-05-15,131661,104276.0,-20.8,Below Target,MPLNR02
PLAN0259-1,MINE_1,2024-05-15,132812,94044.0,-29.19,Below Target,MPLNR03
PLAN0163-3,MINE_3,2024-05-15,148404,128117.0,-13.67,Below Target,MPLNR03
PLAN0211-2,MINE_2,2024-05-15,122193,112601.0,-7.85,Below Target,MPLNR01
PLAN0068-5,MINE_5,2024-05-22,131661,105745.0,-19.68,Below Target,MPLNR03
PLAN0164-3,MINE_3,2024-05-22,148404,125238.0,-15.61,Below Target,MPLNR03
PLAN0212-2,MINE_2,2024-05-22,122193,91266.0,-25.31,Below Target,MPLNR03
PLAN0116-4,MINE_4,2024-05-22,174909,139123.0,-20.46,Below Target,MPLNR03
PLAN0260-1,MINE_1,2024-05-22,132812,100743.0,-24.15,Below Target,MPLNR01
PLAN0213-2,MINE_2,2024-06-01,114882,86117.0,-25.04,Below Target,MPLNR03
PLAN0261-1,MINE_1,2024-06-01,124866,88418.0,-29.19,Below Target,MPLNR02
PLAN0069-5,MINE_5,2024-06-01,123784,102732.0,-17.01,Below Target,MPLNR03
PLAN0117-4,MINE_4,2024-06-01,164444,133989.0,-18.52,Below Target,MPLNR01
PLAN0165-3,MINE_3,2024-06-01,139525,102354.0,-26.64,Below Target,MPLNR03
PLAN0262-1,MINE_1,2024-06-08,147569,105925.0,-28.22,Below Target,MPLNR02
PLAN0070-5,MINE_5,2024-06-08,146291,114414.0,-21.79,Below Target,MPLNR02
PLAN0118-4,MINE_4,2024-06-08,194343,152695.0,-21.43,Below Target,MPLNR03
PLAN0214-2,MINE_2,2024-06-08,135770,101407.0,-25.31,Below Target,MPLNR02
PLAN0166-3,MINE_3,2024-06-08,164893,117720.0,-28.61,Below Target,MPLNR02
PLAN0071-5,MINE_5,2024-06-15,146291,137645.0,-5.91,Below Target,MPLNR01
PLAN0263-1,MINE_1,2024-06-15,147569,133122.0,-9.79,Below Target,MPLNR01
PLAN0215-2,MINE_2,2024-06-15,135770,88342.0,-34.93,Below Target,MPLNR01
PLAN0119-4,MINE_4,2024-06-15,194343,171547.0,-11.73,Below Target,MPLNR03
PLAN0167-3,MINE_3,2024-06-15,164893,150349.0,-8.82,Below Target,MPLNR01
PLAN0072-5,MINE_5,2024-06-22,146291,109265.0,-25.31,Below Target,MPLNR01
PLAN0216-2,MINE_2,2024-06-22,135770,98141.0,-27.72,Below Target,MPLNR01
PLAN0168-3,MINE_3,2024-06-22,164893,112282.0,-31.91,Below Target,MPLNR01
PLAN0120-4,MINE_4,2024-06-22,194343,156089.0,-19.68,Below Target,MPLNR02
PLAN0264-1,MINE_1,2024-06-22,147569,105925.0,-28.22,Below Target,MPLNR02
PLAN0169-3,MINE_3,2024-07-01,153477,108677.0,-29.19,Below Target,MPLNR03
PLAN0121-4,MINE_4,2024-07-01,180888,159670.0,-11.73,Below Target,MPLNR03
PLAN0217-2,MINE_2,2024-07-01,126371,108263.0,-14.33,Below Target,MPLNR01
PLAN0073-5,MINE_5,2024-07-01,136163,93775.0,-31.13,Below Target,MPLNR03
PLAN0265-1,MINE_1,2024-07-01,137353,102589.0,-25.31,Below Target,MPLNR01
PLAN0074-5,MINE_5,2024-07-08,160919,132116.0,-17.9,Below Target,MPLNR03
PLAN0218-2,MINE_2,2024-07-08,149347,102623.0,-31.29,Below Target,MPLNR02
PLAN0170-3,MINE_3,2024-07-08,181383,143727.0,-20.76,Below Target,MPLNR03
PLAN0122-4,MINE_4,2024-07-08,213777,165891.0,-22.4,Below Target,MPLNR03
PLAN0266-1,MINE_1,2024-07-08,162326,126955.0,-21.79,Below Target,MPLNR03
PLAN0267-1,MINE_1,2024-07-15,162326,127148.0,-21.67,Below Target,MPLNR03
PLAN0219-2,MINE_2,2024-07-15,149347,108406.0,-27.41,Below Target,MPLNR01
PLAN0171-3,MINE_3,2024-07-15,181383,87608.0,-51.7,Below Target,MPLNR03
PLAN0123-4,MINE_4,2024-07-15,213777,160846.0,-24.76,Below Target,MPLNR02
PLAN0075-5,MINE_5,2024-07-15,160919,95681.0,-40.54,Below Target,MPLNR02
PLAN0172-3,MINE_3,2024-07-22,181383,130596.0,-28.0,Below Target,MPLNR03
PLAN0268-1,MINE_1,2024-07-22,162326,155882.0,-3.97,On Track,MPLNR02
PLAN0220-2,MINE_2,2024-07-22,149347,95720.0,-35.91,Below Target,MPLNR02
PLAN0124-4,MINE_4,2024-07-22,213777,160126.0,-25.1,Below Target,MPLNR02
PLAN0076-5,MINE_5,2024-07-22,160919,122063.0,-24.15,Below Target,MPLNR03
PLAN0077-5,MINE_5,2024-08-01,136163,126795.0,-6.88,Below Target,MPLNR02
PLAN0221-2,MINE_2,2024-08-01,126371,82325.0,-34.85,Below Target,MPLNR02
PLAN0125-4,MINE_4,2024-08-01,180888,119454.0,-33.96,Below Target,MPLNR02
PLAN0173-3,MINE_3,2024-08-01,153477,90071.0,-41.31,Below Target,MPLNR02
PLAN0269-1,MINE_1,2024-08-01,137353,126571.0,-7.85,Below Target,MPLNR01
PLAN0174-3,MINE_3,2024-08-08,181383,123903.0,-31.69,Below Target,MPLNR01
PLAN0126-4,MINE_4,2024-08-08,213777,164066.0,-23.25,Below Target,MPLNR02
PLAN0078-5,MINE_5,2024-08-08,160919,113078.0,-29.73,Below Target,MPLNR03
PLAN0270-1,MINE_1,2024-08-08,162326,95796.0,-40.99,Below Target,MPLNR01
PLAN0222-2,MINE_2,2024-08-08,149347,93294.0,-37.53,Below Target,MPLNR02
PLAN0223-2,MINE_2,2024-08-15,149347,101407.0,-32.1,Below Target,MPLNR03
PLAN0175-3,MINE_3,2024-08-15,181383,135968.0,-25.04,Below Target,MPLNR03
PLAN0271-1,MINE_1,2024-08-15,162326,146239.0,-9.91,Below Target,MPLNR02
PLAN0127-4,MINE_4,2024-08-15,213777,192848.0,-9.79,Below Target,MPLNR03
PLAN0079-5,MINE_5,2024-08-15,160919,108458.0,-32.6,Below Target,MPLNR03
PLAN0176-3,MINE_3,2024-08-22,181383,118352.0,-34.75,Below Target,MPLNR02
PLAN0080-5,MINE_5,2024-08-22,160919,137860.0,-14.33,Below Target,MPLNR03
PLAN0272-1,MINE_1,2024-08-22,162326,127477.0,-21.47,Below Target,MPLNR03
PLAN0128-4,MINE_4,2024-08-22,213777,169789.0,-20.58,Below Target,MPLNR03
PLAN0224-2,MINE_2,2024-08-22,149347,127483.0,-14.64,Below Target,MPLNR01
PLAN0225-2,MINE_2,2024-09-01,114882,87143.0,-24.15,Below Target,MPLNR01
PLAN0273-1,MINE_1,2024-09-01,124866,118698.0,-4.94,On Track,MPLNR02
PLAN0177-3,MINE_3,2024-09-01,139525,128461.0,-7.93,Below Target,MPLNR03
PLAN0129-4,MINE_4,2024-09-01,164444,124418.0,-24.34,Below Target,MPLNR01
PLAN0081-5,MINE_5,2024-09-01,123784,115193.0,-6.94,Below Target,MPLNR01
PLAN0178-3,MINE_3,2024-09-08,164893,127957.0,-22.4,Below Target,MPLNR03
PLAN0130-4,MINE_4,2024-09-08,194343,143948.0,-25.93,Below Target,MPLNR01
PLAN0274-1,MINE_1,2024-09-08,147569,121257.0,-17.83,Below Target,MPLNR03
PLAN0226-2,MINE_2,2024-09-08,135770,109308.0,-19.49,Below Target,MPLNR02
PLAN0082-5,MINE_5,2024-09-08,146291,141932.0,-2.98,On Track,MPLNR01
PLAN0275-1,MINE_1,2024-09-15,147569,85221.0,-42.25,Below Target,MPLNR01
PLAN0083-5,MINE_5,2024-09-15,146291,102170.0,-30.16,Below Target,MPLNR01
PLAN0131-4,MINE_4,2024-09-15,194343,139688.0,-28.12,Below Target,MPLNR03
PLAN0227-2,MINE_2,2024-09-15,135770,118527.0,-12.7,Below Target,MPLNR02
PLAN0179-3,MINE_3,2024-09-15,164893,130964.0,-20.58,Below Target,MPLNR01
PLAN0084-5,MINE_5,2024-09-22,146291,114941.0,-21.43,Below Target,MPLNR03
PLAN0132-4,MINE_4,2024-09-22,194343,140480.0,-27.72,Below Target,MPLNR01
PLAN0180-3,MINE_3,2024-09-22,164893,148750.0,-9.79,Below Target,MPLNR03
PLAN0228-2,MINE_2,2024-09-22,135770,111942.0,-17.55,Below Target,MPLNR01
PLAN0276-1,MINE_1,2024-09-22,147569,111651.0,-24.34,Below Target,MPLNR03
PLAN0277-1,MINE_1,2024-10-01,124866,110219.0,-11.73,Below Target,MPLNR02
PLAN0085-5,MINE_5,2024-10-01,123784,98458.0,-20.46,Below Target,MPLNR02
PLAN0229-2,MINE_2,2024-10-01,114882,82462.0,-28.22,Below Target,MPLNR02
PLAN0181-3,MINE_3,2024-10-01,139525,104590.0,-25.04,Below Target,MPLNR01
PLAN0133-4,MINE_4,2024-10-01,164444,93314.0,-43.26,Below Target,MPLNR03
PLAN0086-5,MINE_5,2024-10-08,146291,116360.0,-20.46,Below Target,MPLNR02
PLAN0278-1,MINE_1,2024-10-08,147569,114514.0,-22.4,Below Target,MPLNR01
PLAN0134-4,MINE_4,2024-10-08,194343,149151.0,-23.25,Below Target,MPLNR01
PLAN0182-3,MINE_3,2024-10-08,164893,121210.0,-26.49,Below Target,MPLNR01
PLAN0230-2,MINE_2,2024-10-08,135770,94506.0,-30.39,Below Target,MPLNR01
PLAN0183-3,MINE_3,2024-10-15,164893,124065.0,-24.76,Below Target,MPLNR01
PLAN0087-5,MINE_5,2024-10-15,146291,112103.0,-23.37,Below Target,MPLNR02
PLAN0135-4,MINE_4,2024-10-15,194343,165891.0,-14.64,Below Target,MPLNR02
PLAN0231-2,MINE_2,2024-10-15,135770,97587.0,-28.12,Below Target,MPLNR03
PLAN0279-1,MINE_1,2024-10-15,147569,131691.0,-10.76,Below Target,MPLNR02
PLAN0088-5,MINE_5,2024-10-22,146291,95302.0,-34.85,Below Target,MPLNR02
PLAN0232-2,MINE_2,2024-10-22,135770,133068.0,-1.99,On Track,MPLNR02
PLAN0136-4,MINE_4,2024-10-22,194343,129395.0,-33.42,Below Target,MPLNR01
PLAN0280-1,MINE_1,2024-10-22,147569,100199.0,-32.1,Below Target,MPLNR02
PLAN0184-3,MINE_3,2024-10-22,164893,132435.0,-19.68,Below Target,MPLNR02
PLAN0089-5,MINE_5,2024-11-01,74270,56193.0,-24.34,Below Target,MPLNR01
PLAN0281-1,MINE_1,2024-11-01,74919,60317.0,-19.49,Below Target,MPLNR03
PLAN0137-4,MINE_4,2024-11-01,98666,90921.0,-7.85,Below Target,MPLNR02
PLAN0233-2,MINE_2,2024-11-01,68929,59667.0,-13.44,Below Target,MPLNR01
PLAN0185-3,MINE_3,2024-11-01,83715,64151.0,-23.37,Below Target,MPLNR02
PLAN0186-3,MINE_3,2024-11-08,98936,68913.0,-30.35,Below Target,MPLNR01
PLAN0234-2,MINE_2,2024-11-08,81462,44663.0,-45.17,Below Target,MPLNR02
PLAN0090-5,MINE_5,2024-11-08,87774,79076.0,-9.91,Below Target,MPLNR01
PLAN0138-4,MINE_4,2024-11-08,116606,88450.0,-24.15,Below Target,MPLNR02
PLAN0282-1,MINE_1,2024-11-08,88541,61589.0,-30.44,Below Target,MPLNR02
PLAN0139-4,MINE_4,2024-11-15,116606,91617.0,-21.43,Below Target,MPLNR02
PLAN0187-3,MINE_3,2024-11-15,98936,75330.0,-23.86,Below Target,MPLNR03
PLAN0283-1,MINE_1,2024-11-15,88541,77296.0,-12.7,Below Target,MPLNR03
PLAN0091-5,MINE_5,2024-11-15,87774,61761.0,-29.64,Below Target,MPLNR03
PLAN0235-2,MINE_2,2024-11-15,81462,68746.0,-15.61,Below Target,MPLNR01
PLAN0092-5,MINE_5,2024-11-22,87774,61097.0,-30.39,Below Target,MPLNR03
PLAN0188-3,MINE_3,2024-11-22,98936,86490.0,-12.58,Below Target,MPLNR01
PLAN0236-2,MINE_2,2024-11-22,81462,54523.0,-33.07,Below Target,MPLNR01
PLAN0140-4,MINE_4,2024-11-22,116606,91617.0,-21.43,Below Target,MPLNR02
PLAN0284-1,MINE_1,2024-11-22,88541,75063.0,-15.22,Below Target,MPLNR01
PLAN0285-1,MINE_1,2024-12-01,49946,36995.0,-25.93,Below Target,MPLNR03
PLAN0237-2,MINE_2,2024-12-01,45952,34767.0,-24.34,Below Target,MPLNR02
PLAN0093-5,MINE_5,2024-12-01,49513,42418.0,-14.33,Below Target,MPLNR02
PLAN0189-3,MINE_3,2024-12-01,55810,44933.0,-19.49,Below Target,MPLNR03
PLAN0141-4,MINE_4,2024-12-01,65777,56785.0,-13.67,Below Target,MPLNR01
PLAN0094-5,MINE_5,2024-12-08,58516,31434.0,-46.28,Below Target,MPLNR01
PLAN0142-4,MINE_4,2024-12-08,77737,56554.0,-27.25,Below Target,MPLNR03
PLAN0190-3,MINE_3,2024-12-08,65957,60140.0,-8.82,Below Target,MPLNR01
PLAN0286-1,MINE_1,2024-12-08,59027,41797.0,-29.19,Below Target,MPLNR01
PLAN0238-2,MINE_2,2024-12-08,54308,36875.0,-32.1,Below Target,MPLNR03
PLAN0095-5,MINE_5,2024-12-15,58516,45953.0,-21.47,Below Target,MPLNR02
PLAN0143-4,MINE_4,2024-12-15,77737,69372.0,-10.76,Below Target,MPLNR02
PLAN0287-1,MINE_1,2024-12-15,59027,47935.0,-18.79,Below Target,MPLNR03
PLAN0191-3,MINE_3,2024-12-15,65957,43556.0,-33.96,Below Target,MPLNR03
PLAN0239-2,MINE_2,2024-12-15,54308,32050.0,-40.99,Below Target,MPLNR01
PLAN0192-3,MINE_3,2024-12-22,65957,55917.0,-15.22,Below Target,MPLNR02
PLAN0288-1,MINE_1,2024-12-22,59027,48462.0,-17.9,Below Target,MPLNR02
PLAN0240-2,MINE_2,2024-12-22,54308,49518.0,-8.82,Below Target,MPLNR01
PLAN0144-4,MINE_4,2024-12-22,77737,65904.0,-15.22,Below Target,MPLNR01
PLAN0096-5,MINE_5,2024-12-22,58516,30991.0,-47.04,Below Target,MPLNR03
PLAN0289-1,MINE_1,2025-01-01,81644,74443.0,-8.82,Below Target,MPLNR03
PLAN0145-4,MINE_4,2025-01-01,75619,53546.0,-29.19,Below Target,MPLNR02
PLAN0241-2,MINE_2,2025-01-01,103774,78717.0,-24.15,Below Target,MPLNR01
PLAN0193-3,MINE_3,2025-01-01,98645,79228.0,-19.68,Below Target,MPLNR03
PLAN0097-5,MINE_5,2025-01-01,107585,98096.0,-8.82,Below Target,MPLNR03
PLAN0098-5,MINE_5,2025-01-08,127146,117127.0,-7.88,Below Target,MPLNR02
PLAN0290-1,MINE_1,2025-01-08,96488,51102.0,-47.04,Below Target,MPLNR03
PLAN0146-4,MINE_4,2025-01-08,89367,65014.0,-27.25,Below Target,MPLNR01
PLAN0194-3,MINE_3,2025-01-08,116581,98383.0,-15.61,Below Target,MPLNR01
PLAN0242-2,MINE_2,2025-01-08,122642,89745.0,-26.82,Below Target,MPLNR03
PLAN0147-4,MINE_4,2025-01-15,89367,63801.0,-28.61,Below Target,MPLNR01
PLAN0243-2,MINE_2,2025-01-15,122642,92791.0,-24.34,Below Target,MPLNR03
PLAN0291-1,MINE_1,2025-01-15,96488,66433.0,-31.15,Below Target,MPLNR01
PLAN0195-3,MINE_3,2025-01-15,116581,83682.0,-28.22,Below Target,MPLNR02
PLAN0099-5,MINE_5,2025-01-15,127146,90833.0,-28.56,Below Target,MPLNR03
PLAN0292-1,MINE_1,2025-01-22,96488,86106.0,-10.76,Below Target,MPLNR02
PLAN0196-3,MINE_3,2025-01-22,116581,81420.0,-30.16,Below Target,MPLNR03
PLAN0148-4,MINE_4,2025-01-22,89367,60680.0,-32.1,Below Target,MPLNR01
PLAN0244-2,MINE_2,2025-01-22,122642,98501.0,-19.68,Below Target,MPLNR02
PLAN0100-5,MINE_5,2025-01-22,127146,106065.0,-16.58,Below Target,MPLNR02
PLAN0197-3,MINE_3,2025-02-01,115086,94487.0,-17.9,Below Target,MPLNR03
PLAN0101-5,MINE_5,2025-02-01,125516,87660.0,-30.16,Below Target,MPLNR01
PLAN0149-4,MINE_4,2025-02-01,88222,77942.0,-11.65,Below Target,MPLNR03
PLAN0245-2,MINE_2,2025-02-01,121070,75113.0,-37.96,Below Target,MPLNR03
PLAN0293-1,MINE_1,2025-02-01,95251,81306.0,-14.64,Below Target,MPLNR03
PLAN0294-1,MINE_1,2025-02-08,112570,77352.0,-31.29,Below Target,MPLNR02
PLAN0150-4,MINE_4,2025-02-08,104262,86530.0,-17.01,Below Target,MPLNR01
PLAN0246-2,MINE_2,2025-02-08,143082,108256.0,-24.34,Below Target,MPLNR02
PLAN0102-5,MINE_5,2025-02-08,148337,117815.0,-20.58,Below Target,MPLNR02
PLAN0198-3,MINE_3,2025-02-08,136011,97761.0,-28.12,Below Target,MPLNR03
PLAN0151-4,MINE_4,2025-02-15,104262,85600.0,-17.9,Below Target,MPLNR01
PLAN0247-2,MINE_2,2025-02-15,143082,86605.0,-39.47,Below Target,MPLNR02
PLAN0199-3,MINE_3,2025-02-15,136011,97629.0,-28.22,Below Target,MPLNR03
PLAN0103-5,MINE_5,2025-02-15,148337,117815.0,-20.58,Below Target,MPLNR01
PLAN0295-1,MINE_1,2025-02-15,112570,84384.0,-25.04,Below Target,MPLNR03
PLAN0152-4,MINE_4,2025-02-22,104262,78156.0,-25.04,Below Target,MPLNR03
PLAN0104-5,MINE_5,2025-02-22,148337,119138.0,-19.68,Below Target,MPLNR01
PLAN0200-3,MINE_3,2025-02-22,136011,122696.0,-9.79,Below Target,MPLNR03
PLAN0296-1,MINE_1,2025-02-22,112570,98274.0,-12.7,Below Target,MPLNR03
PLAN0248-2,MINE_2,2025-02-22,143082,93211.0,-34.85,Below Target,MPLNR03
PLAN0297-1,MINE_1,2025-03-01,108859,88698.0,-18.52,Below Target,MPLNR02
PLAN0105-5,MINE_5,2025-03-01,143447,137752.0,-3.97,On Track,MPLNR03
PLAN0201-3,MINE_3,2025-03-01,131527,100942.0,-23.25,Below Target,MPLNR02
PLAN0153-4,MINE_4,2025-03-01,100825,93888.0,-6.88,Below Target,MPLNR03
PLAN0249-2,MINE_2,2025-03-01,138365,87669.0,-36.64,Below Target,MPLNR02
PLAN0298-1,MINE_1,2025-03-08,128651,97337.0,-24.34,Below Target,MPLNR03
PLAN0106-5,MINE_5,2025-03-08,169528,108926.0,-35.75,Below Target,MPLNR03
PLAN0154-4,MINE_4,2025-03-08,119157,85069.0,-28.61,Below Target,MPLNR01
PLAN0202-3,MINE_3,2025-03-08,155442,122070.0,-21.47,Below Target,MPLNR02
PLAN0250-2,MINE_2,2025-03-08,163523,143009.0,-12.54,Below Target,MPLNR03
PLAN0107-5,MINE_5,2025-03-15,169528,108926.0,-35.75,Below Target,MPLNR03
PLAN0155-4,MINE_4,2025-03-15,119157,108647.0,-8.82,Below Target,MPLNR03
PLAN0251-2,MINE_2,2025-03-15,163523,118963.0,-27.25,Below Target,MPLNR02
PLAN0203-3,MINE_3,2025-03-15,155442,122070.0,-21.47,Below Target,MPLNR02
PLAN0299-1,MINE_1,2025-03-15,128651,112312.0,-12.7,Below Target,MPLNR02
PLAN0108-5,MINE_5,2025-03-22,169528,141420.0,-16.58,Below Target,MPLNR02
PLAN0204-3,MINE_3,2025-03-22,155442,110551.0,-28.88,Below Target,MPLNR02
PLAN0156-4,MINE_4,2025-03-22,119157,101712.0,-14.64,Below Target,MPLNR02
PLAN0300-1,MINE_1,2025-03-22,128651,89550.0,-30.39,Below Target,MPLNR03
PLAN0252-2,MINE_2,2025-03-22,163523,102689.0,-37.2,Below Target,MPLNR03
PLAN0253-2,MINE_2,2025-04-01,138365,76421.0,-44.77,Below Target,MPLNR03
PLAN0157-4,MINE_4,2025-04-01,100825,78279.0,-22.36,Below Target,MPLNR02
PLAN0301-1,MINE_1,2025-04-01,108859,83419.0,-23.37,Below Target,MPLNR01
PLAN0205-3,MINE_3,2025-04-01,131527,114823.0,-12.7,Below Target,MPLNR01
PLAN0109-5,MINE_5,2025-04-01,143447,97289.0,-32.18,Below Target,MPLNR02
PLAN0158-4,MINE_4,2025-04-08,119157,99401.0,-16.58,Below Target,MPLNR03
PLAN0302-1,MINE_1,2025-04-08,128651,111064.0,-13.67,Below Target,MPLNR02
PLAN0206-3,MINE_3,2025-04-08,155442,122131.0,-21.43,Below Target,MPLNR02
PLAN0110-5,MINE_5,2025-04-08,169528,152982.0,-9.76,Below Target,MPLNR03
PLAN0254-2,MINE_2,2025-04-08,163523,109446.0,-33.07,Below Target,MPLNR02
PLAN0303-1,MINE_1,2025-04-15,128651,107920.0,-16.11,Below Target,MPLNR03
PLAN0207-3,MINE_3,2025-04-15,155442,110551.0,-28.88,Below Target,MPLNR03
PLAN0255-2,MINE_2,2025-04-15,163523,128417.0,-21.47,Below Target,MPLNR01
PLAN0159-4,MINE_4,2025-04-15,119157,93575.0,-21.47,Below Target,MPLNR03
PLAN0111-5,MINE_5,2025-04-15,169528,156220.0,-7.85,Below Target,MPLNR02
PLAN0256-2,MINE_2,2025-04-22,163523,109446.0,-33.07,Below Target,MPLNR02
PLAN0208-3,MINE_3,2025-04-22,155442,135942.0,-12.54,Below Target,MPLNR03
PLAN0112-5,MINE_5,2025-04-22,169528,106460.0,-37.2,Below Target,MPLNR03
PLAN0160-4,MINE_4,2025-04-22,119157,95702.0,-19.68,Below Target,MPLNR01
PLAN0304-1,MINE_1,2025-04-22,128651,112312.0,-12.7,Below Target,MPLNR03
PLAN0113-5,MINE_5,2025-05-01,161378,134622.0,-16.58,Below Target,MPLNR02
PLAN0257-2,MINE_2,2025-05-01,155661,107204.0,-31.13,Below Target,MPLNR03
PLAN0161-4,MINE_4,2025-05-01,113428,71230.0,-37.2,Below Target,MPLNR03
PLAN0209-3,MINE_3,2025-05-01,147968,111953.0,-24.34,Below Target,MPLNR02
PLAN0305-1,MINE_1,2025-05-01,122466,112852.0,-7.85,Below Target,MPLNR01
PLAN0258-2,MINE_2,2025-05-08,183963,142827.0,-22.36,Below Target,MPLNR01
PLAN0162-4,MINE_4,2025-05-08,134052,94355.0,-29.61,Below Target,MPLNR01
PLAN0306-1,MINE_1,2025-05-08,144733,100745.0,-30.39,Below Target,MPLNR02
PLAN0210-3,MINE_3,2025-05-08,174872,109239.0,-37.53,Below Target,MPLNR03
PLAN0114-5,MINE_5,2025-05-08,190719,160948.0,-15.61,Below Target,MPLNR01
PLAN0307-1,MINE_1,2025-05-15,144733,78844.0,-45.52,Below Target,MPLNR03
PLAN0211-3,MINE_3,2025-05-15,174872,135769.0,-22.36,Below Target,MPLNR02
PLAN0163-4,MINE_4,2025-05-15,134052,113126.0,-15.61,Below Target,MPLNR02
PLAN0115-5,MINE_5,2025-05-15,190719,118324.0,-37.96,Below Target,MPLNR01
PLAN0259-2,MINE_2,2025-05-15,183963,134618.0,-26.82,Below Target,MPLNR02
PLAN0308-1,MINE_1,2025-05-22,144733,117322.0,-18.94,Below Target,MPLNR01
PLAN0212-3,MINE_3,2025-05-22,174872,140450.0,-19.68,Below Target,MPLNR03
PLAN0260-2,MINE_2,2025-05-22,183963,128051.0,-30.39,Below Target,MPLNR02
PLAN0164-4,MINE_4,2025-05-22,134052,126130.0,-5.91,Below Target,MPLNR03
PLAN0116-5,MINE_5,2025-05-22,190719,151476.0,-20.58,Below Target,MPLNR03
PLAN0309-1,MINE_1,2025-06-01,136074,114146.0,-16.11,Below Target,MPLNR03
PLAN0165-4,MINE_4,2025-06-01,126031,98974.0,-21.47,Below Target,MPLNR01
PLAN0213-3,MINE_3,2025-06-01,164409,107105.0,-34.85,Below Target,MPLNR01
PLAN0117-5,MINE_5,2025-06-01,179309,170451.0,-4.94,On Track,MPLNR02
PLAN0261-2,MINE_2,2025-06-01,172957,141999.0,-17.9,Below Target,MPLNR02
PLAN0214-3,MINE_3,2025-06-08,194302,148894.0,-23.37,Below Target,MPLNR01
PLAN0118-5,MINE_5,2025-06-08,211910,186714.0,-11.89,Below Target,MPLNR02
PLAN0262-2,MINE_2,2025-06-08,204404,178077.0,-12.88,Below Target,MPLNR01
PLAN0166-4,MINE_4,2025-06-08,148946,121361.0,-18.52,Below Target,MPLNR01
PLAN0310-1,MINE_1,2025-06-08,160814,148190.0,-7.85,Below Target,MPLNR02
PLAN0311-1,MINE_1,2025-06-15,160814,124792.0,-22.4,Below Target,MPLNR03
PLAN0167-4,MINE_4,2025-06-15,148946,111652.0,-25.04,Below Target,MPLNR02
PLAN0263-2,MINE_2,2025-06-15,204404,162583.0,-20.46,Below Target,MPLNR03
PLAN0215-3,MINE_3,2025-06-15,194302,166352.0,-14.38,Below Target,MPLNR02
PLAN0119-5,MINE_5,2025-06-15,211910,184997.0,-12.7,Below Target,MPLNR01
PLAN0120-5,MINE_5,2025-06-22,211910,181544.0,-14.33,Below Target,MPLNR01
PLAN0264-2,MINE_2,2025-06-22,204404,158618.0,-22.4,Below Target,MPLNR02
PLAN0312-1,MINE_1,2025-06-22,160814,107633.0,-33.07,Below Target,MPLNR03
PLAN0216-3,MINE_3,2025-06-22,194302,131780.0,-32.18,Below Target,MPLNR02
PLAN0168-4,MINE_4,2025-06-22,148946,97031.0,-34.85,Below Target,MPLNR03
PLAN0121-5,MINE_5,2025-07-01,197240,166451.0,-15.61,Below Target,MPLNR03
PLAN0217-3,MINE_3,2025-07-01,180851,149894.0,-17.12,Below Target,MPLNR02
PLAN0265-2,MINE_2,2025-07-01,190253,131845.0,-30.7,Below Target,MPLNR02
PLAN0169-4,MINE_4,2025-07-01,138634,94025.0,-32.18,Below Target,MPLNR02
PLAN0313-1,MINE_1,2025-07-01,149681,103085.0,-31.13,Below Target,MPLNR03
PLAN0314-1,MINE_1,2025-07-08,176896,130408.0,-26.28,Below Target,MPLNR03
PLAN0218-3,MINE_3,2025-07-08,213733,179095.0,-16.21,Below Target,MPLNR03
PLAN0170-4,MINE_4,2025-07-08,163841,130319.0,-20.46,Below Target,MPLNR01
PLAN0122-5,MINE_5,2025-07-08,233101,165059.0,-29.19,Below Target,MPLNR01
PLAN0266-2,MINE_2,2025-07-08,224844,186605.0,-17.01,Below Target,MPLNR02
PLAN0267-2,MINE_2,2025-07-15,224844,198644.0,-11.65,Below Target,MPLNR02
PLAN0219-3,MINE_3,2025-07-15,213733,136268.0,-36.24,Below Target,MPLNR02
PLAN0123-5,MINE_5,2025-07-15,233101,95455.0,-59.05,Below Target,MPLNR03
PLAN0171-4,MINE_4,2025-07-15,163841,114427.0,-30.16,Below Target,MPLNR01
PLAN0315-1,MINE_1,2025-07-15,176896,149283.0,-15.61,Below Target,MPLNR01
PLAN0172-4,MINE_4,2025-07-22,163841,137872.0,-15.85,Below Target,MPLNR03
PLAN0220-3,MINE_3,2025-07-22,213733,181972.0,-14.86,Below Target,MPLNR01
PLAN0124-5,MINE_5,2025-07-22,233101,180977.0,-22.36,Below Target,MPLNR01
PLAN0316-1,MINE_1,2025-07-22,176896,168122.0,-4.96,On Track,MPLNR01
PLAN0268-2,MINE_2,2025-07-22,224844,182592.0,-18.79,Below Target,MPLNR02
PLAN0221-3,MINE_3,2025-08-01,180851,153189.0,-15.3,Below Target,MPLNR03
PLAN0125-5,MINE_5,2025-08-01,197240,136687.0,-30.7,Below Target,MPLNR01
PLAN0317-1,MINE_1,2025-08-01,149681,103085.0,-31.13,Below Target,MPLNR02
PLAN0173-4,MINE_4,2025-08-01,138634,104890.0,-24.34,Below Target,MPLNR01
PLAN0269-2,MINE_2,2025-08-01,190253,140255.0,-26.28,Below Target,MPLNR03
PLAN0174-4,MINE_4,2025-08-08,163841,95451.0,-41.74,Below Target,MPLNR03
PLAN0222-3,MINE_3,2025-08-08,213733,190775.0,-10.74,Below Target,MPLNR02
PLAN0126-5,MINE_5,2025-08-08,233101,197618.0,-15.22,Below Target,MPLNR02
PLAN0318-1,MINE_1,2025-08-08,176896,164726.0,-6.88,Below Target,MPLNR01
PLAN0270-2,MINE_2,2025-08-08,224844,188612.0,-16.11,Below Target,MPLNR03
PLAN0223-3,MINE_3,2025-08-15,213733,186921.0,-12.54,Below Target,MPLNR03
PLAN0271-2,MINE_2,2025-08-15,224844,196289.0,-12.7,Below Target,MPLNR02
PLAN0319-1,MINE_1,2025-08-15,176896,147567.0,-16.58,Below Target,MPLNR01
PLAN0175-4,MINE_4,2025-08-15,163841,141444.0,-13.67,Below Target,MPLNR02
PLAN0127-5,MINE_5,2025-08-15,233101,197618.0,-15.22,Below Target,MPLNR01
PLAN0272-2,MINE_2,2025-08-22,224844,183203.0,-18.52,Below Target,MPLNR01
PLAN0320-1,MINE_1,2025-08-22,176896,137271.0,-22.4,Below Target,MPLNR02
PLAN0224-3,MINE_3,2025-08-22,213733,138214.0,-35.33,Below Target,MPLNR03
PLAN0176-4,MINE_4,2025-08-22,163841,130319.0,-20.46,Below Target,MPLNR03
PLAN0128-5,MINE_5,2025-08-22,233101,185409.0,-20.46,Below Target,MPLNR01
PLAN0273-2,MINE_2,2025-09-01,172957,108043.0,-37.53,Below Target,MPLNR03
PLAN0321-1,MINE_1,2025-09-01,136074,98835.0,-27.37,Below Target,MPLNR01
PLAN0129-5,MINE_5,2025-09-01,179309,154797.0,-13.67,Below Target,MPLNR03
PLAN0177-4,MINE_4,2025-09-01,126031,105135.0,-16.58,Below Target,MPLNR03
PLAN0225-3,MINE_3,2025-09-01,164409,142317.0,-13.44,Below Target,MPLNR02
PLAN0178-4,MINE_4,2025-09-08,148946,114311.0,-23.25,Below Target,MPLNR01
PLAN0226-3,MINE_3,2025-09-08,194302,179049.0,-7.85,Below Target,MPLNR03
PLAN0322-1,MINE_1,2025-09-08,160814,116243.0,-27.72,Below Target,MPLNR01
PLAN0274-2,MINE_2,2025-09-08,204404,125268.0,-38.72,Below Target,MPLNR01
PLAN0130-5,MINE_5,2025-09-08,211910,168307.0,-20.58,Below Target,MPLNR01
PLAN0227-3,MINE_3,2025-09-15,194302,138716.0,-28.61,Below Target,MPLNR01
PLAN0275-2,MINE_2,2025-09-15,204404,188358.0,-7.85,Below Target,MPLNR03
PLAN0131-5,MINE_5,2025-09-15,211910,193008.0,-8.92,Below Target,MPLNR03
PLAN0179-4,MINE_4,2025-09-15,148946,114311.0,-23.25,Below Target,MPLNR01
PLAN0323-1,MINE_1,2025-09-15,160814,137770.0,-14.33,Below Target,MPLNR02
PLAN0132-5,MINE_5,2025-09-22,211910,149396.0,-29.5,Below Target,MPLNR01
PLAN0228-3,MINE_3,2025-09-22,194302,147009.0,-24.34,Below Target,MPLNR01
PLAN0324-1,MINE_1,2025-09-22,160814,126289.0,-21.47,Below Target,MPLNR02
PLAN0180-4,MINE_4,2025-09-22,148946,103220.0,-30.7,Below Target,MPLNR03
PLAN0276-2,MINE_2,2025-09-22,204404,153794.0,-24.76,Below Target,MPLNR02
PLAN0277-2,MINE_2,2025-10-01,172957,140925.0,-18.52,Below Target,MPLNR03
PLAN0325-1,MINE_1,2025-10-01,136074,120113.0,-11.73,Below Target,MPLNR02
PLAN0229-3,MINE_3,2025-10-01,164409,121202.0,-26.28,Below Target,MPLNR03
PLAN0181-4,MINE_4,2025-10-01,126031,94133.0,-25.31,Below Target,MPLNR01
PLAN0133-5,MINE_5,2025-10-01,179309,166973.0,-6.88,Below Target,MPLNR01
PLAN0326-1,MINE_1,2025-10-08,160814,148061.0,-7.93,Below Target,MPLNR03
PLAN0134-5,MINE_5,2025-10-08,211910,164442.0,-22.4,Below Target,MPLNR03
PLAN0278-2,MINE_2,2025-10-08,204404,182124.0,-10.9,Below Target,MPLNR02
PLAN0182-4,MINE_4,2025-10-08,148946,127140.0,-14.64,Below Target,MPLNR01
PLAN0230-3,MINE_3,2025-10-08,194302,157790.0,-18.79,Below Target,MPLNR02
PLAN0231-3,MINE_3,2025-10-15,194302,149120.0,-23.25,Below Target,MPLNR03
PLAN0135-5,MINE_5,2025-10-15,211910,160331.0,-24.34,Below Target,MPLNR02
PLAN0183-4,MINE_4,2025-10-15,148946,108358.0,-27.25,Below Target,MPLNR01
PLAN0279-2,MINE_2,2025-10-15,204404,160521.0,-21.47,Below Target,MPLNR03
PLAN0327-1,MINE_1,2025-10-15,160814,134900.0,-16.11,Below Target,MPLNR03
PLAN0136-5,MINE_5,2025-10-22,211910,160331.0,-24.34,Below Target,MPLNR03
PLAN0184-4,MINE_4,2025-10-22,148946,95702.0,-35.75,Below Target,MPLNR03
PLAN0232-3,MINE_3,2025-10-22,194302,162087.0,-16.58,Below Target,MPLNR01
PLAN0328-1,MINE_1,2025-10-22,160814,109068.0,-32.18,Below Target,MPLNR02
PLAN0280-2,MINE_2,2025-10-22,204404,192324.0,-5.91,Below Target,MPLNR02
PLAN0185-4,MINE_4,2025-11-01,75619,64783.0,-14.33,Below Target,MPLNR01
PLAN0233-3,MINE_3,2025-11-01,98645,67937.0,-31.13,Below Target,MPLNR03
PLAN0137-5,MINE_5,2025-11-01,107585,77225.0,-28.22,Below Target,MPLNR03
PLAN0281-2,MINE_2,2025-11-01,103774,90756.0,-12.54,Below Target,MPLNR02
PLAN0329-1,MINE_1,2025-11-01,81644,64845.0,-20.58,Below Target,MPLNR02
PLAN0186-4,MINE_4,2025-11-08,89367,64148.0,-28.22,Below Target,MPLNR03
PLAN0138-5,MINE_5,2025-11-08,127146,117165.0,-7.85,Below Target,MPLNR03
PLAN0282-2,MINE_2,2025-11-08,122642,111825.0,-8.82,Below Target,MPLNR02
PLAN0330-1,MINE_1,2025-11-08,96488,70195.0,-27.25,Below Target,MPLNR02
PLAN0234-3,MINE_3,2025-11-08,116581,78028.0,-33.07,Below Target,MPLNR03
PLAN0187-4,MINE_4,2025-11-15,89367,71083.0,-20.46,Below Target,MPLNR01
PLAN0139-5,MINE_5,2025-11-15,127146,79426.0,-37.53,Below Target,MPLNR02
PLAN0235-3,MINE_3,2025-11-15,116581,93859.0,-19.49,Below Target,MPLNR01
PLAN0331-1,MINE_1,2025-11-15,96488,84234.0,-12.7,Below Target,MPLNR03
PLAN0283-2,MINE_2,2025-11-15,122642,83274.0,-32.1,Below Target,MPLNR02
PLAN0188-4,MINE_4,2025-11-22,89367,56797.0,-36.45,Below Target,MPLNR02
PLAN0332-1,MINE_1,2025-11-22,96488,87042.0,-9.79,Below Target,MPLNR03
PLAN0284-2,MINE_2,2025-11-22,122642,102308.0,-16.58,Below Target,MPLNR01
PLAN0236-3,MINE_3,2025-11-22,116581,84813.0,-27.25,Below Target,MPLNR03
PLAN0140-5,MINE_5,2025-11-22,127146,82731.0,-34.93,Below Target,MPLNR01
PLAN0237-3,MINE_3,2025-12-01,65763,45291.0,-31.13,Below Target,MPLNR03
PLAN0333-1,MINE_1,2025-12-01,54429,36957.0,-32.1,Below Target,MPLNR01
PLAN0285-2,MINE_2,2025-12-01,69182,57712.0,-16.58,Below Target,MPLNR02
PLAN0189-4,MINE_4,2025-12-01,50412,40587.0,-19.49,Below Target,MPLNR01
PLAN0141-5,MINE_5,2025-12-01,71723,58245.0,-18.79,Below Target,MPLNR03
PLAN0142-5,MINE_5,2025-12-08,84764,45534.0,-46.28,Below Target,MPLNR03
PLAN0334-1,MINE_1,2025-12-08,64325,49367.0,-23.25,Below Target,MPLNR01
PLAN0286-2,MINE_2,2025-12-08,81761,57102.0,-30.16,Below Target,MPLNR01
PLAN0190-4,MINE_4,2025-12-08,59578,52104.0,-12.54,Below Target,MPLNR01
PLAN0238-3,MINE_3,2025-12-08,77721,52773.0,-32.1,Below Target,MPLNR02
PLAN0191-4,MINE_4,2025-12-15,59578,53167.0,-10.76,Below Target,MPLNR03
PLAN0143-5,MINE_5,2025-12-15,84764,76466.0,-9.79,Below Target,MPLNR02
PLAN0287-2,MINE_2,2025-12-15,81761,64240.0,-21.43,Below Target,MPLNR01
PLAN0239-3,MINE_3,2025-12-15,77721,59558.0,-23.37,Below Target,MPLNR02
PLAN0335-1,MINE_1,2025-12-15,64325,56256.0,-12.54,Below Target,MPLNR02
PLAN0336-1,MINE_1,2025-12-22,64325,49916.0,-22.4,Below Target,MPLNR03
PLAN0192-4,MINE_4,2025-12-22,59578,49122.0,-17.55,Below Target,MPLNR03
PLAN0288-2,MINE_2,2025-12-22,81761,54723.0,-33.07,Below Target,MPLNR02
PLAN0240-3,MINE_3,2025-12-22,77721,67850.0,-12.7,Below Target,MPLNR01
PLAN0144-5,MINE_5,2025-12-22,84764,52589.0,-37.96,Below Target,MPLNR03
